-- phpMyAdmin SQL Dump
-- version 5.2.1
-- https://www.phpmyadmin.net/
--
-- 主機： 127.0.0.1
-- 產生時間： 2024-05-13 16:15:55
-- 伺服器版本： 8.0.35
-- PHP 版本： 8.1.25

SET SQL_MODE = "NO_AUTO_VALUE_ON_ZERO";
START TRANSACTION;
SET time_zone = "+00:00";


/*!40101 SET @OLD_CHARACTER_SET_CLIENT=@@CHARACTER_SET_CLIENT */;
/*!40101 SET @OLD_CHARACTER_SET_RESULTS=@@CHARACTER_SET_RESULTS */;
/*!40101 SET @OLD_COLLATION_CONNECTION=@@COLLATION_CONNECTION */;
/*!40101 SET NAMES utf8mb4 */;

--
-- 資料庫： `team3`
--

-- --------------------------------------------------------

--
-- 資料表結構 `coupon`
--

CREATE TABLE `coupon` (
  `coupon_id` int NOT NULL,
  `coupon_code` varchar(100) NOT NULL,
  `coupon_name` varchar(20) NOT NULL,
  `coupon_desc` varchar(255) NOT NULL,
  `coupon_discount` int NOT NULL,
  `coupon_start_date` date NOT NULL,
  `coupon_end_date` date NOT NULL,
  `coupon_status` int NOT NULL
) ENGINE=InnoDB DEFAULT CHARSET=utf8mb4 COLLATE=utf8mb4_0900_ai_ci;

--
-- 傾印資料表的資料 `coupon`
--

INSERT INTO `coupon` (`coupon_id`, `coupon_code`, `coupon_name`, `coupon_desc`, `coupon_discount`, `coupon_start_date`, `coupon_end_date`, `coupon_status`) VALUES
(1, 'WELCOME520', '入會禮', '購物滿 NT$ 1,000 即可使用', 100, '2024-01-01', '2024-12-31', 1),
(2, 'RRLHT32502', '好運抽抽', '無門檻，單筆訂單折扣 20 元', 20, '2024-04-01', '2024-04-30', 0),
(3, 'FFAUU34299', '好運抽抽', '無門檻，單筆訂單折扣 50 元', 50, '2024-04-01', '2024-04-30', 1),
(4, 'VQWSC39564', '免運活動', '無門檻，單筆訂單折扣 65 元', 65, '2024-04-01', '2024-04-30', 1),
(5, 'QSGTN07623', '初夏出遊去', '購物滿 NT$ 500 即可使用', 100, '2024-04-01', '2024-06-30', 1),
(6, 'DISCOUNT10', '幸運優惠折扣', '無門檻，單筆訂單折扣 10 元', 10, '2024-04-01', '2024-06-30', 1),
(7, 'DISCOUNT20', '幸運優惠折扣', '無門檻，單筆訂單折扣 20 元', 20, '2024-04-01', '2024-06-30', 1);

-- --------------------------------------------------------

--
-- 資料表結構 `have_coupon`
--

CREATE TABLE `have_coupon` (
  `have_coupon_id` int NOT NULL,
  `fk_member_id` int NOT NULL,
  `fk_coupon_id` int NOT NULL,
  `use_state` int NOT NULL
) ENGINE=InnoDB DEFAULT CHARSET=utf8mb4 COLLATE=utf8mb4_0900_ai_ci;

--
-- 傾印資料表的資料 `have_coupon`
--

INSERT INTO `have_coupon` (`have_coupon_id`, `fk_member_id`, `fk_coupon_id`, `use_state`) VALUES
(1, 193, 1, 1),
(2, 193, 2, 1),
(3, 193, 3, 1),
(7, 192, 7, 1);

-- --------------------------------------------------------

--
-- 資料表結構 `hospital`
--

CREATE TABLE `hospital` (
  `hospital_id` int NOT NULL,
  `hospital_name` varchar(255) NOT NULL,
  `hospital_address` varchar(255) NOT NULL,
  `phone_number` varchar(255) NOT NULL,
  `operating_hours` varchar(255) NOT NULL,
  `service_types` varchar(255) NOT NULL,
  `hospital_rating` tinyint DEFAULT NULL,
  `hospital_notes` text,
  `hospital_city` varchar(255) DEFAULT NULL,
  `created_at` datetime NOT NULL,
  `updated_at` datetime NOT NULL
) ENGINE=InnoDB DEFAULT CHARSET=utf8mb3;

--
-- 傾印資料表的資料 `hospital`
--

INSERT INTO `hospital` (`hospital_id`, `hospital_name`, `hospital_address`, `phone_number`, `operating_hours`, `service_types`, `hospital_rating`, `hospital_notes`, `hospital_city`, `created_at`, `updated_at`) VALUES
(1, '博愛動物醫院', '中正區杭州南路2段92號1樓', '33938850', '周一至周五 09:00-17:00', '營養諮詢', 0, '6666', '台北市', '2024-04-12 05:33:02', '2024-04-12 05:33:02'),
(2, '來旺動物醫院', '中正區重慶南路3段50號1樓', '23051120', '周一至周五 12:00 - 19:00', '一般診療', 2, '', '台北市', '2024-04-12 05:33:02', '2024-04-12 05:33:02'),
(3, '中正犬貓醫院', '中正區重慶南路3段60~4號2樓', '23054880', '周一至周日 09:00 - 20:00', '疫苗接種', 4, '', '台北市', '2024-04-12 05:33:02', '2024-04-12 05:33:02'),
(4, '古亭動物醫院', '中正區羅斯福路2段138號1樓', '23693373', '周一至周日 08:00 - 20:00', '一般診療', 0, '', '台北市', '2024-04-12 05:33:02', '2024-04-12 05:33:02'),
(5, '佑昇動物醫院', '中正區羅斯福路3段38號1樓', '23656729', '周一至周六 09:00 - 17:00', '寄宿服務', 2, '', '台北市', '2024-04-12 05:33:02', '2024-04-12 05:33:02'),
(6, '台灣動物醫院', '中正區忠孝東路2段74號1樓', '23412128', '周一至周六 08:00 - 20:00', '緊急醫療', 3, '', '台北市', '2024-04-12 05:33:02', '2024-04-12 05:33:02'),
(7, '寶寶新動物醫院', '中正區汀州路2段125號1樓', '23677624', '周一至周日 10:00 - 19:00', '牙科服務', 3, '', '台北市', '2024-04-12 05:33:02', '2024-04-12 05:33:02'),
(8, '恩孺動物診所', '中正區金山南路1段92號1樓', '23942821', '周一至周六 12:00 - 18:00', '一般診療', 1, '', '台北市', '2024-04-12 05:33:02', '2024-04-12 05:33:02'),
(9, '康廷動物醫院', '中正區和平西路2段58-1號1樓', '23095001', '周一至周五 11:00 - 19:00', '營養諮詢', 4, '', '台北市', '2024-04-12 05:33:02', '2024-04-12 05:33:02'),
(10, '瀚生動物醫院', '中正區新生南路1段144~1號1樓', '23581765', '周一至周日 12:00 - 18:00', '寵物行為諮詢', 0, '', '台北市', '2024-04-12 05:33:02', '2024-04-12 05:33:02'),
(11, '享家動物醫院', '中正區牯嶺街臨15-1號', '905060603', '周一至周五 12:00 - 17:00', '一般診療', 4, '', '台北市', '2024-04-12 05:33:02', '2024-04-12 05:33:02'),
(12, '大安動物醫院', '中正區羅斯福路4段162號1樓', '23632020', '周一至周日 11:00 - 19:00', '洗澡美容', 3, '', '台北市', '2024-04-12 05:33:02', '2024-04-12 05:33:02'),
(13, '綠洲動物醫院', '中正區北平東路16號1樓', '23912220', '周一至周日 08:00 - 12:00', '外科手術', 0, '', '台北市', '2024-04-12 05:33:02', '2024-04-12 05:33:02'),
(14, '晨光動物醫院', '大同區重慶北路2段47號1樓', '25583347', '周一至周五 10:00 - 15:00', '外科手術', 4, '', '台北市', '2024-04-12 05:33:02', '2024-04-12 05:33:02'),
(15, '大眾家畜醫院', '大同區重慶北路3段51號1樓', '25861518', '周一至周日 09:00 - 18:00', '牙科服務', 2, '', '台北市', '2024-04-12 05:33:02', '2024-04-12 05:33:02'),
(16, '永新動物醫院', '大同區重慶北路3段185號1樓', '25982889', '周一至周日 12:00 - 18:00', '牙科服務', 3, '', '台北市', '2024-04-12 05:33:02', '2024-04-12 05:33:02'),
(17, '正安動物醫院', '大同區民權西路240號1樓', '25571757', '周一至周日 12:00 - 19:00', '疫苗接種', 1, '', '台北市', '2024-04-12 05:33:02', '2024-04-12 05:33:02'),
(18, '弘愛犬貓專科醫院', '大同區民生西路105號1樓', '25503892', '周一至周日 09:00 - 18:00', '一般診療', 2, '', '台北市', '2024-04-12 05:33:02', '2024-04-12 05:33:02'),
(19, '全民連鎖動物醫院總院', '大同區民生西路247、249號1、2樓', '25530371', '周一至周日 11:00 - 15:00', '緊急醫療', 2, '', '台北市', '2024-04-12 05:33:02', '2024-04-12 05:33:02'),
(20, '凡賽爾賽鴿寵物鳥醫院', '大同區民族西路53號1樓', '25869933', '周一至周五 12:00 - 18:00', '預防保健', 1, '', '台北市', '2024-04-12 05:33:02', '2024-04-12 05:33:02'),
(21, '皇家動物醫院', '大同區民族西路228號1樓', '25960967', '周一至周日 12:00 - 17:00', '預防保健', 0, '', '台北市', '2024-04-12 05:33:02', '2024-04-12 05:33:02'),
(22, '慈愛動物醫院寧夏分院', '大同區寧夏路1號1樓、3樓', '25563320', '周一至周五 12:00 - 19:00', '寄宿服務', 0, '', '台北市', '2024-04-12 05:33:02', '2024-04-12 05:33:02'),
(23, '傑翔動物醫院', '大同區民權西路270之2號1樓', '25573343', '周一至周日 09:00 - 14:00', '寄宿服務', 4, '', '新北市', '2024-04-12 05:33:02', '2024-04-12 05:33:02'),
(24, '長沁動物醫院', '大同區承德路3段9號1樓', '25992119', '周一至周日 10:00 - 19:00', '寄宿服務', 4, '', '新北市', '2024-04-12 05:33:02', '2024-04-12 05:33:02'),
(25, '不萊梅特殊寵物專科醫院', '大同區民權西路227號、237之8號1樓', '25993907', '周一至周六 12:00 - 16:00', '寄宿服務', 3, '', '新北市', '2024-04-12 05:33:02', '2024-04-12 05:33:02'),
(26, '旺竹動物醫院', '大同區承德路3段142號', '25996230', '周一至周六 09:00 - 19:00', '預防保健', 2, '', '新北市', '2024-04-12 05:33:02', '2024-04-12 05:33:02'),
(27, '牧光特殊寵物專科醫院', '大同區民族西路65號', '25926590', '周一至周日 12:00 - 17:00', '影像診斷', 2, '', '新北市', '2024-04-12 05:33:02', '2024-04-12 05:33:02'),
(28, '龍江獸醫院', '中山區龍江路21巷1號1樓', '27722223', '周一至周六 09:00 - 15:00', '寄宿服務', 3, '', '新北市', '2024-04-12 05:33:02', '2024-04-12 05:33:02'),
(29, '太僕動物醫院', '中山區龍江路260號1樓', '25170902', '周一至周日 12:00 - 19:00', '慢性疾病管理', 0, '', '新北市', '2024-04-12 05:33:02', '2024-04-12 05:33:02'),
(30, '美加璦動物醫院', '中山區龍江路443巷1之2號1樓', '25054989', '周一至周六 08:00 - 15:00', '牙科服務', 2, '', '新北市', '2024-04-12 05:33:02', '2024-04-12 05:33:02'),
(31, '弘安動物醫院', '中山區五常街69號1樓', '25045630', '周一至周五 10:00 - 16:00', '疫苗接種', 1, '', '新北市', '2024-04-12 05:33:02', '2024-04-12 05:33:02'),
(32, '大直動物醫院', '中山區北安路468號1樓', '85096306', '周一至周五 12:00 - 17:00', '一般診療', 0, '', '新北市', '2024-04-12 05:33:02', '2024-04-12 05:33:02'),
(33, '仁慈動物醫院', '中山區北安路458巷19號1樓', '25336983', '周一至周五 12:00 - 20:00', '緊急醫療', 0, '', '新北市', '2024-04-12 05:33:02', '2024-04-12 05:33:02'),
(34, '惟新動物醫院', '中山區明水路672巷34號1樓', '85023725', '周一至周六 10:00 - 20:00', '寵物行為諮詢', 0, '', '新北市', '2024-04-12 05:33:02', '2024-04-12 05:33:02'),
(35, '諾亞動物醫院', '中山區吉林路166號1樓', '25642121', '周一至周五 10:00 - 17:00', '疫苗接種', 0, '', '新北市', '2024-04-12 05:33:02', '2024-04-12 05:33:02'),
(36, '廣慈動物醫院', '中山區錦州街371號1樓', '25044236', '周一至周日 10:00 - 15:00', '影像診斷', 2, '', '新北市', '2024-04-12 05:33:02', '2024-04-12 05:33:02'),
(37, '興安動物醫院', '中山區興安街89號1樓', '25048179', '周一至周五 10:00 - 18:00', '營養諮詢', 3, '', '新北市', '2024-04-12 05:33:02', '2024-04-12 05:33:02'),
(38, '米亞動物醫院', '中山區民權東路2段57號1樓', '25923556', '周一至周日 09:00 - 16:00', '緊急醫療', 0, '', '新北市', '2024-04-12 05:33:02', '2024-04-12 05:33:02'),
(39, '復生動物醫院', '中山區民生東路1段78號1樓', '25643940', '周一至周五 10:00 - 14:00', '外科手術', 2, '', '新北市', '2024-04-12 05:33:02', '2024-04-12 05:33:02'),
(40, '大晶動物醫院', '中山區農安街72號1樓', '25970625', '周一至周五 08:00 - 13:00', '營養諮詢', 0, '', '新北市', '2024-04-12 05:33:02', '2024-04-12 05:33:02'),
(41, '吉林動物醫院', '中山區吉林路121~1號1樓', '25642010', '周一至周六 10:00 - 19:00', '外科手術', 2, '', '新北市', '2024-04-12 05:33:02', '2024-04-12 05:33:02'),
(42, '東宏動物醫院', '中山區吉林路432號1樓', '25957366', '周一至周六 11:00 - 16:00', '營養諮詢', 3, '', '新北市', '2024-04-12 05:33:02', '2024-04-12 05:33:02'),
(43, '101台北貓醫院', '中山區建國北路3段101號1樓', '25091101', '周一至周五 09:00 - 20:00', '緊急醫療', 4, '', '新北市', '2024-04-12 05:33:02', '2024-04-12 05:33:02'),
(44, '華遠動物醫院', '中山區長春路336號1樓', '27131187', '周一至周五 09:00 - 19:00', '寵物行為諮詢', 0, '', '台中市', '2024-04-12 05:33:02', '2024-04-12 05:33:02'),
(45, '恩典動物醫院', '中山區民生東路2段45號1樓、2樓', '25314545', '周一至周六 09:00 - 16:00', '一般診療', 4, '', '台中市', '2024-04-12 05:33:02', '2024-04-12 05:33:02'),
(46, '成功動物醫院', '中山區天祥路3號1樓', '25218001', '周一至周日 12:00 - 18:00', '外科手術', 3, '', '台中市', '2024-04-12 05:33:02', '2024-04-12 05:33:02'),
(47, '小小貓動物醫院', '中山區朱崙街91號1樓', '25337529', '周一至周五 12:00 - 16:00', '寄宿服務', 1, '', '台中市', '2024-04-12 05:33:02', '2024-04-12 05:33:02'),
(48, '伊甸動物醫院', '中山區北安路554巷33號1樓', '85092579', '周一至周六 10:00 - 18:00', '疫苗接種', 3, '', '台中市', '2024-04-12 05:33:02', '2024-04-12 05:33:02'),
(49, '長宏動物醫院', '中山區吉林路173號1樓', '25678939', '周一至周五 11:00 - 19:00', '慢性疾病管理', 4, '', '台中市', '2024-04-12 05:33:02', '2024-04-12 05:33:02'),
(50, '紀劃犬貓專科醫院', '中山區民生東路1段83號', '25212205', '周一至周六 09:00 - 14:00', '外科手術', 3, '', '台中市', '2024-04-12 05:33:02', '2024-04-12 05:33:02'),
(51, '文藝動物醫院', '中山區民生東路1段87號地下1樓', '25317261', '周一至周五 08:00 - 12:00', '寵物行為諮詢', 1, '', '台中市', '2024-04-12 05:33:02', '2024-04-12 05:33:02'),
(52, '小王子動物醫院', '中山區松江路26巷32號', '25676897', '周一至周五 11:00 - 18:00', '影像診斷', 4, '', '台中市', '2024-04-12 05:33:02', '2024-04-12 05:33:02'),
(53, '吉米犬貓專科醫院', '中山區林森北路649號', '25855991', '周一至周五 12:00 - 17:00', '寄宿服務', 4, '', '台中市', '2024-04-12 05:33:02', '2024-04-12 05:33:02'),
(54, '德心動物醫院', '中山區長八德路2段121號', '25045355', '周一至周六 08:00 - 18:00', '影像診斷', 3, '', '台中市', '2024-04-12 05:33:02', '2024-04-12 05:33:02'),
(55, '路米動物醫院', '中山區民生東路3段28號1樓', '25163328', '周一至周六 10:00 - 15:00', '一般診療', 1, '', '台中市', '2024-04-12 05:33:02', '2024-04-12 05:33:02'),
(56, '達文西犬貓專科醫院', '中山區民生東路1段85號1樓', '25212205#300', '周一至周日 12:00 - 19:00', '營養諮詢', 4, '', '台中市', '2024-04-12 05:33:02', '2024-04-12 05:33:02'),
(57, '貝恩動物醫院', '中山區民權東路3段8號-1', '27407366', '周一至周日 11:00 - 20:00', '洗澡美容', 0, '', '台中市', '2024-04-12 05:33:02', '2024-04-12 05:33:02'),
(58, '沐沐特寵動物醫院', '中山區龍江路78號', '77137707', '周一至周日 09:00 - 18:00', '影像診斷', 4, '', '台中市', '2024-04-12 05:33:02', '2024-04-12 05:33:02'),
(59, '凱揚動物醫院', '中山區八德路2段331號', '27512218', '周一至周六 10:00 - 16:00', '外科手術', 2, '', '台中市', '2024-04-12 05:33:02', '2024-04-12 05:33:02'),
(60, '以立動物醫院', '中山區敬業一路38號', '77288028', '周一至周日 09:00 - 17:00', '預防保健', 1, '', '台中市', '2024-04-12 05:33:02', '2024-04-12 05:33:02'),
(61, '集英動物醫院', '中山區長安東路1段61-1號', '77136111', '周一至周六 09:00 - 13:00', '緊急醫療', 4, '', '台中市', '2024-04-12 05:33:02', '2024-04-12 05:33:02'),
(62, '小王子動物醫院長安分院', '中山區長安東路2段12號1樓', '25221097', '周一至周五 10:00 - 19:00', '影像診斷', 1, '', '台中市', '2024-04-12 05:33:02', '2024-04-12 05:33:02'),
(63, '安晴動物醫院', '中山區林森北路506號', '25217758', '周一至周五 08:00 - 13:00', '營養諮詢', 1, '', '台中市', '2024-04-12 05:33:02', '2024-04-12 05:33:02'),
(64, '禾芮犬貓專科醫院', '中山區明水路692號', '85011267', '周一至周五 08:00 - 17:00', '寵物行為諮詢', 0, '', '台中市', '2024-04-12 05:33:02', '2024-04-12 05:33:02'),
(65, '萌醫生動物醫院', '中山區長安東路2段108號4樓之1', '75130182', '周一至周五 12:00 - 18:00', '外科手術', 2, '', '台南市', '2024-04-12 05:33:02', '2024-04-12 05:33:02'),
(66, '中山動物醫院', '松山區民權東路3段140巷5號1樓及106巷3弄8號1樓', '27196996', '周一至周五 09:00 - 19:00', '一般診療', 0, '', '台南市', '2024-04-12 05:33:02', '2024-04-12 05:33:02'),
(67, '隆記動物醫院', '松山區民生東路5段212巷1號1樓', '27607639', '周一至周六 11:00 - 18:00', '疫苗接種', 3, '', '台南市', '2024-04-12 05:33:02', '2024-04-12 05:33:02'),
(68, '澤禾動物醫院', '松山區健康路288號', '27616267', '周一至周六 10:00 - 17:00', '預防保健', 1, '', '台南市', '2024-04-12 05:33:02', '2024-04-12 05:33:02'),
(69, '台欣動物醫院', '松山區健康路187號1樓', '25285119', '周一至周五 12:00 - 18:00', '一般診療', 4, '', '台南市', '2024-04-12 05:33:02', '2024-04-12 05:33:02'),
(70, '恩亞動物醫院', '松山區健康路325巷14號1樓', '27678889', '周一至周日 09:00 - 19:00', '外科手術', 0, '', '台南市', '2024-04-12 05:33:02', '2024-04-12 05:33:02'),
(71, '良醫動物醫院', '松山區八德路4段188號1樓', '27615091', '周一至周五 09:00 - 14:00', '寵物行為諮詢', 2, '', '台南市', '2024-04-12 05:33:02', '2024-04-12 05:33:02'),
(72, '嘉慶動物醫院', '松山區八德路4段214-1號1樓', '87879121', '周一至周六 12:00 - 16:00', '洗澡美容', 1, '', '台南市', '2024-04-12 05:33:02', '2024-04-12 05:33:02'),
(73, '全陽犬貓專科醫院', '松山區八德路4段305號1樓', '27627945', '周一至周五 08:00 - 19:00', '緊急醫療', 1, '', '台南市', '2024-04-12 05:33:02', '2024-04-12 05:33:02'),
(74, '人人愛動物醫院', '松山區延吉街46之3號1樓', '25778182', '周一至周五 11:00 - 19:00', '寵物行為諮詢', 1, '', '台南市', '2024-04-12 05:33:02', '2024-04-12 05:33:02'),
(75, '興泰動物醫院', '松山區延吉街57號1樓', '25795722', '周一至周六 08:00 - 15:00', '寄宿服務', 3, '', '台南市', '2024-04-12 05:33:02', '2024-04-12 05:33:02'),
(76, '日健動物綜合醫院', '松山區光復北路6~2號1樓', '25707508', '周一至周六 12:00 - 19:00', '外科手術', 2, '', '台南市', '2024-04-12 05:33:02', '2024-04-12 05:33:02'),
(77, '豐盛動物醫院', '松山區光復北路46號1樓', '25785605', '周一至周六 11:00 - 20:00', '寄宿服務', 1, '', '台南市', '2024-04-12 05:33:02', '2024-04-12 05:33:02'),
(78, '台北動物醫院', '松山區光復北路164號1樓', '27176036', '周一至周六 08:00 - 12:00', '營養諮詢', 4, '', '台南市', '2024-04-12 05:33:02', '2024-04-12 05:33:02'),
(79, '泰山動物醫院', '松山區光復南路52號1樓', '25792650', '周一至周五 12:00 - 16:00', '寵物行為諮詢', 0, '', '台南市', '2024-04-12 05:33:02', '2024-04-12 05:33:02'),
(80, '曼哈頓動物醫院', '松山區市民大道4段77號1樓', '27815203', '周一至周五 11:00 - 18:00', '牙科服務', 1, '', '台南市', '2024-04-12 05:33:02', '2024-04-12 05:33:02'),
(81, '復興動物醫院', '松山區八德路2段381號1樓', '27711414', '周一至周日 10:00 - 15:00', '外科手術', 1, '', '台南市', '2024-04-12 05:33:02', '2024-04-12 05:33:02'),
(82, '新亞動物醫院', '松山區延壽街330巷3號1樓', '27457119', '周一至周六 09:00 - 13:00', '營養諮詢', 2, '', '台南市', '2024-04-12 05:33:02', '2024-04-12 05:33:02'),
(83, '南京太僕動物醫院', '松山區南京東路5段286號', '27562005', '周一至周日 08:00 - 12:00', '寄宿服務', 4, '', '台南市', '2024-04-12 05:33:02', '2024-04-12 05:33:02'),
(84, '澄諾動物醫院', '松山區富錦街461號', '27653160', '周一至周日 10:00 - 15:00', '緊急醫療', 4, '', '台南市', '2024-04-12 05:33:02', '2024-04-12 05:33:02'),
(85, '貓瘋非營利慈善貓專科醫院', '松山區八德路4段216號', '29103877', '周一至周日 10:00 - 19:00', '牙科服務', 0, '', '台南市', '2024-04-12 05:33:02', '2024-04-12 05:33:02'),
(86, '敦品動物醫院', '大安區瑞安街124號', '27070877', '周一至周五 09:00 - 13:00', '一般診療', 2, '', '台南市', '2024-04-12 05:33:02', '2024-04-12 05:33:02'),
(87, '富康動物醫院', '大安區建國南路1段298號1樓', '27020135', '周一至周日 10:00 - 16:00', '外科手術', 0, '', '台南市', '2024-04-12 05:33:02', '2024-04-12 05:33:02'),
(88, '仁愛動物醫院', '大安區仁愛路4段228之5號1樓', '27029165', '周一至周六 12:00 - 18:00', '寄宿服務', 4, '', '台南市', '2024-04-12 05:33:02', '2024-04-12 05:33:02'),
(89, '中心動物醫院', '大安區仁愛路4段411~1號1樓', '27410443', '周一至周日 09:00 - 15:00', '預防保健', 3, '', '高雄市', '2024-04-12 05:33:02', '2024-04-12 05:33:02'),
(90, '亞洲獸醫專科醫院', '大安區安和路2段171巷5號1樓', '27081488', '周一至周六 11:00 - 15:00', '疫苗接種', 1, '', '高雄市', '2024-04-12 05:33:02', '2024-04-12 05:33:02'),
(91, '敦化動物醫院', '大安區敦化南路1段279號1樓', '27080284', '周一至周六 09:00 - 16:00', '疫苗接種', 2, '', '高雄市', '2024-04-12 05:33:02', '2024-04-12 05:33:02'),
(92, '澄毅動物醫院', '大安區安和路2段171巷13號1樓', '27334341', '周一至周六 08:00 - 16:00', '營養諮詢', 2, '', '高雄市', '2024-04-12 05:33:02', '2024-04-12 05:33:02'),
(93, '見安獸醫院', '大安區四維路170巷45號1樓', '27070989', '周一至周六 08:00 - 14:00', '緊急醫療', 0, '', '高雄市', '2024-04-12 05:33:02', '2024-04-12 05:33:02'),
(94, '碩聯動物醫院', '大安區復興南路2段342-1號1樓', '27366549', '周一至周五 12:00 - 18:00', '影像診斷', 0, '', '高雄市', '2024-04-12 05:33:02', '2024-04-12 05:33:02'),
(95, '上群動物醫院', '大安區延吉街72之20號1樓', '27753007', '周一至周六 12:00 - 20:00', '寄宿服務', 3, '', '高雄市', '2024-04-12 05:33:02', '2024-04-12 05:33:02'),
(96, '戴瑩乾動物醫院', '大安區延吉街91號1樓', '27310809', '周一至周五 09:00 - 19:00', '預防保健', 3, '', '高雄市', '2024-04-12 05:33:02', '2024-04-12 05:33:02'),
(97, '幸福動物醫院', '大安區延吉街251號1樓', '27005277', '周一至周五 12:00 - 20:00', '洗澡美容', 4, '', '高雄市', '2024-04-12 05:33:02', '2024-04-12 05:33:02'),
(98, '五洲動物醫院', '大安區新生南路1段137-2、137-3號1樓', '27079477', '周一至周六 09:00 - 17:00', '一般診療', 3, '', '高雄市', '2024-04-12 05:33:02', '2024-04-12 05:33:02'),
(99, '弘吉獸醫院', '大安區市民大道3段236、238號1樓', '27410958', '周一至周六 11:00 - 16:00', '疫苗接種', 1, '', '高雄市', '2024-04-12 05:33:02', '2024-04-12 05:33:02'),
(100, '佑仁動物醫院', '大安區和平東路1段200號1樓', '23635377', '周一至周六 11:00 - 19:00', '寄宿服務', 0, '', '高雄市', '2024-04-12 05:33:02', '2024-04-12 05:33:02'),
(101, '專心動物醫院', '大安區和平東路2段34、34~1號1樓', '23633016', '周一至周日 11:00 - 19:00', '一般診療', 1, '', '高雄市', '2024-04-12 05:33:02', '2024-04-12 05:33:02'),
(102, '遠見動物醫院', '大安區和平東路2段68號1樓', '23775388', '周一至周五 12:00 - 19:00', '寄宿服務', 0, '', '高雄市', '2024-04-12 05:33:02', '2024-04-12 05:33:02'),
(103, '常明動物醫院', '大安區復興南路2段322號1樓', '27030809', '周一至周日 09:00 - 20:00', '寄宿服務', 3, '', '高雄市', '2024-04-12 05:33:02', '2024-04-12 05:33:02'),
(104, '宏成動物醫院', '大安區和平東路3段66-1號1樓', '23780228', '周一至周日 08:00 - 20:00', '緊急醫療', 1, '', '高雄市', '2024-04-12 05:33:02', '2024-04-12 05:33:02'),
(105, '曾安動物醫院', '大安區通化街148號1樓', '27383248', '周一至周六 09:00 - 17:00', '一般診療', 4, '', '高雄市', '2024-04-12 05:33:02', '2024-04-12 05:33:02'),
(106, '沐恩動物醫院', '大安區辛亥路1段86號1樓', '23660203', '周一至周六 08:00 - 20:00', '營養諮詢', 2, '', '高雄市', '2024-04-12 05:33:02', '2024-04-12 05:33:02'),
(107, '安庭動物醫院', '大安區金山南路2段139號1樓及地下1樓', '23923655', '周一至周日 10:00 - 19:00', '洗澡美容', 4, '', '高雄市', '2024-04-12 05:33:02', '2024-04-12 05:33:02'),
(108, '聖地牙哥動物醫院', '大安區羅斯福路3段65號3樓之1', '23643458', '周一至周六 12:00 - 18:00', '影像診斷', 2, '', '高雄市', '2024-04-12 05:33:02', '2024-04-12 05:33:02'),
(109, '名人維東尼動物醫院', '大安區建國南路1段358號', '27090123', '周一至周五 11:00 - 19:00', '寄宿服務', 0, '', '高雄市', '2024-04-12 05:33:02', '2024-04-12 05:33:02'),
(110, '愛貓園動物醫院', '大安區基隆路2段124號', '27363521', '周一至周日 12:00 - 18:00', '緊急醫療', 1, '', '高雄市', '2024-04-12 05:33:02', '2024-04-12 05:33:02'),
(111, '王樣動物醫院', '大安區金華街217號1樓', '23570217', '周一至周五 12:00 - 17:00', '寵物行為諮詢', 2, '', '高雄市', '2024-04-12 05:33:02', '2024-04-12 05:33:02'),
(112, '麟安動物醫院', '大安區和平東路3段324號', '27383008', '周一至周日 11:00 - 19:00', '洗澡美容', 2, '', '高雄市', '2024-04-12 05:33:02', '2024-04-12 05:33:02'),
(113, '極光動物醫院', '大安區建國南路2段31號', '27848211', '周一至周日 08:00 - 12:00', '外科手術', 4, '', '高雄市', '2024-04-12 05:33:02', '2024-04-12 05:33:02'),
(114, '明誠動物醫院', '大安區瑞安街45號1樓', '27086310', '周一至周五 10:00 - 15:00', '外科手術', 4, '', '高雄市', '2024-04-12 05:33:02', '2024-04-12 05:33:02'),
(115, '寵樂動物醫院', '大安區文昌街89號1樓', '27087967', '周一至周日 09:00 - 18:00', '寵物行為諮詢', 1, '', '高雄市', '2024-04-12 05:33:02', '2024-04-12 05:33:02'),
(116, '國立台灣大學生物資源暨農學院附設動物醫院', '大安區基隆路3段153號', '27396828', '周一至周日 12:00 - 18:00', '牙科服務', 4, '', '高雄市', '2024-04-12 05:33:02', '2024-04-12 05:33:02'),
(117, '貓醫生的貓診所', '大安區忠孝東路3段194號2樓之1', '27715810', '周一至周日 12:00 - 19:00', '寵物行為諮詢', 4, '', '高雄市', '2024-04-12 05:33:02', '2024-04-12 05:33:02'),
(118, '杜克動物醫院', '大安區和平東路3段117號1、2樓', '87324789', '周一至周日 09:00 - 18:00', '一般診療', 2, '', '高雄市', '2024-04-12 05:33:02', '2024-04-12 05:33:02'),
(119, '心傳動物醫院', '大安區和平東路2段339號1樓', '27555568', '周一至周日 11:00 - 15:00', '緊急醫療', 3, '', '高雄市', '2024-04-12 05:33:02', '2024-04-12 05:33:02'),
(120, '小王子貓專科醫院', '大安區建國南路2段197號', '27061297', '周一至周五 12:00 - 18:00', '外科手術', 2, '', '高雄市', '2024-04-12 05:33:02', '2024-04-12 05:33:02'),
(121, '樂膚莉動物醫院', '大安區仁愛路3段82號', '27846866', '周一至周日 12:00 - 17:00', '慢性疾病管理', 0, '', '高雄市', '2024-04-12 05:33:02', '2024-04-12 05:33:02'),
(122, '樂田動物醫院', '大安區建國南路1段161號1樓', '27785580', '周一至周五 12:00 - 19:00', '一般診療', 2, '', '高雄市', '2024-04-12 05:33:02', '2024-04-12 05:33:02'),
(123, '毛派樂動物醫院', '大安區建國南路2段151巷47號1樓', '37076711', '周一至周日 09:00 - 14:00', '寄宿服務', 4, '', '高雄市', '2024-04-12 05:33:02', '2024-04-12 05:33:02'),
(124, '萊特動物醫院', '大安區辛亥路1段50號', '23658628', '周一至周日 10:00 - 19:00', '緊急醫療', 2, '', '高雄市', '2024-04-12 05:33:02', '2024-04-12 05:33:02'),
(125, '雙園動物醫院', '萬華區西園路2段105號1樓', '23084409', '周一至周六 12:00 - 16:00', '洗澡美容', 0, '', '高雄市', '2024-04-12 05:33:02', '2024-04-12 05:33:02'),
(126, '保全獸醫院', '萬華區西藏路324、326號1樓', '23024375', '周一至周六 09:00 - 19:00', '慢性疾病管理', 2, '', '高雄市', '2024-04-12 05:33:02', '2024-04-12 05:33:02'),
(127, '環南動物醫院', '萬華區和平西路3段205號1樓', '23020109', '周一至周日 12:00 - 17:00', '影像診斷', 0, '', '高雄市', '2024-04-12 05:33:02', '2024-04-12 05:33:02'),
(128, '萬華動物醫院', '萬華區昆明街165號1樓', '23614831', '周一至周六 09:00 - 15:00', '疫苗接種', 0, '', '高雄市', '2024-04-12 05:33:02', '2024-04-12 05:33:02'),
(129, '康寧動物醫院', '萬華區長沙街2段157號1樓', '23831528', '周一至周日 12:00 - 19:00', '疫苗接種', 3, '', '高雄市', '2024-04-12 05:33:02', '2024-04-12 05:33:02'),
(130, '華中動物醫院', '萬華區萬大路227號1樓', '23328572', '周一至周六 08:00 - 15:00', '外科手術', 1, '', '高雄市', '2024-04-12 05:33:02', '2024-04-12 05:33:02'),
(131, '古德動物醫院', '萬華區西園路2段194號1樓', '23088289', '周一至周五 10:00 - 16:00', '緊急醫療', 0, '', '高雄市', '2024-04-12 05:33:02', '2024-04-12 05:33:02'),
(132, '長青動物醫院', '萬華區廣州街78號1樓、78-1號1、2樓', '23369908', '周一至周五 12:00 - 17:00', '外科手術', 3, '', '高雄市', '2024-04-12 05:33:02', '2024-04-12 05:33:02'),
(133, '艋舺動物醫院', '萬華區萬大路365號1樓', '23010365', '周一至周五 12:00 - 20:00', '一般診療', 4, '', '桃園市', '2024-04-12 05:33:02', '2024-04-12 05:33:02'),
(134, '志誠動物醫院', '萬華區萬大路536號1樓', '23056634', '周一至周六 10:00 - 20:00', '外科手術', 1, '', '桃園市', '2024-04-12 05:33:02', '2024-04-12 05:33:02'),
(135, '翊心動物醫院', '萬華區西園路2段175號1樓', '23055518', '周一至周五 10:00 - 17:00', '一般診療', 0, '', '桃園市', '2024-04-12 05:33:02', '2024-04-12 05:33:02'),
(136, '展望動物醫院', '萬華區中華路2段2號', '23880122', '周一至周日 10:00 - 15:00', '緊急醫療', 4, '', '桃園市', '2024-04-12 05:33:02', '2024-04-12 05:33:02'),
(137, '寶血動物醫院', '萬華區中華路2段6號', '23880110', '周一至周五 10:00 - 18:00', '疫苗接種', 4, '', '桃園市', '2024-04-12 05:33:02', '2024-04-12 05:33:02'),
(138, '外星變形貓動物醫院', '萬華區南寧路1號', '23020575', '周一至周日 09:00 - 16:00', '一般診療', 4, '', '桃園市', '2024-04-12 05:33:02', '2024-04-12 05:33:02'),
(139, '安安動物醫院', '信義區松德路57號1樓', '27281315', '周一至周五 10:00 - 14:00', '緊急醫療', 0, '', '桃園市', '2024-04-12 05:33:02', '2024-04-12 05:33:02'),
(140, '大愛動物醫院', '信義區松德路74號1樓', '87805116', '周一至周五 08:00 - 13:00', '慢性疾病管理', 1, '', '桃園市', '2024-04-12 05:33:02', '2024-04-12 05:33:02'),
(141, '欣旺動物醫院', '信義區松山路265號1樓', '27618013', '周一至周六 10:00 - 19:00', '預防保健', 0, '', '桃園市', '2024-04-12 05:33:02', '2024-04-12 05:33:02'),
(142, '恩加動物醫院', '信義區松山路315~2號1樓', '87877551', '周一至周六 11:00 - 16:00', '緊急醫療', 1, '', '桃園市', '2024-04-12 05:33:02', '2024-04-12 05:33:02'),
(143, '崇安動物醫院', '信義區中坡南路62號1樓', '27276027', '周一至周五 09:00 - 20:00', '緊急醫療', 0, '', '桃園市', '2024-04-12 05:33:02', '2024-04-12 05:33:02'),
(144, '陽光動物醫院', '信義區林口街222號1樓', '27279922', '周一至周五 09:00 - 19:00', '寄宿服務', 0, '', '桃園市', '2024-04-12 05:33:02', '2024-04-12 05:33:02'),
(145, '欣欣動物醫院', '信義區松隆路286-1號1樓', '27681119', '周一至周六 09:00 - 16:00', '洗澡美容', 2, '', '桃園市', '2024-04-12 05:33:02', '2024-04-12 05:33:02'),
(146, '名冠動物醫院', '信義區中坡南路207號1樓', '27590447', '周一至周日 12:00 - 18:00', '疫苗接種', 0, '', '桃園市', '2024-04-12 05:33:02', '2024-04-12 05:33:02'),
(147, '立健動物醫院', '信義區和平東路3段255號1樓', '27339102', '周一至周五 12:00 - 16:00', '牙科服務', 0, '', '桃園市', '2024-04-12 05:33:02', '2024-04-12 05:33:02'),
(148, '文逸動物醫院', '信義區和平東路3段391巷8弄27號1樓', '27322254', '周一至周六 10:00 - 18:00', '一般診療', 1, '', '桃園市', '2024-04-12 05:33:02', '2024-04-12 05:33:02'),
(149, '安興動物醫院', '信義區吳興街478號1樓', '87803433', '周一至周五 11:00 - 19:00', '寄宿服務', 0, '', '桃園市', '2024-04-12 05:33:02', '2024-04-12 05:33:02'),
(150, '豐德動物醫院', '信義區莊敬路235號1樓', '27588292', '周一至周六 09:00 - 14:00', '外科手術', 4, '', '桃園市', '2024-04-12 05:33:02', '2024-04-12 05:33:02'),
(151, '詠欣動物醫院', '信義區莊敬路428號1樓', '27202631', '周一至周五 08:00 - 12:00', '外科手術', 4, '', '桃園市', '2024-04-12 05:33:02', '2024-04-12 05:33:02'),
(152, '玉山動物醫院', '信義區信義路6段37號1樓', '23466659', '周一至周五 11:00 - 18:00', '營養諮詢', 4, '', '桃園市', '2024-04-12 05:33:02', '2024-04-12 05:33:02'),
(153, '永春動物醫院', '信義區忠孝東路5段424號1樓', '87898849', '周一至周五 12:00 - 17:00', '洗澡美容', 2, '', '桃園市', '2024-04-12 05:33:02', '2024-04-12 05:33:02'),
(154, '星辰動物醫院', '信義區松隆路225號1樓', '27611199', '周一至周六 08:00 - 18:00', '寵物行為諮詢', 3, '', '桃園市', '2024-04-12 05:33:02', '2024-04-12 05:33:02'),
(155, '松山動物醫院', '信義區松山路275號1樓', '27673322', '周一至周六 10:00 - 15:00', '營養諮詢', 1, '', '桃園市', '2024-04-12 05:33:02', '2024-04-12 05:33:02'),
(156, '愛心動物醫院', '信義區光復南路563號1樓', '23451633', '周一至周日 12:00 - 19:00', '寵物行為諮詢', 4, '', '桃園市', '2024-04-12 05:33:02', '2024-04-12 05:33:02'),
(157, '沐樂動物醫院', '信義區忠孝東路4段559巷30號1樓', '27699899', '周一至周日 11:00 - 20:00', '營養諮詢', 2, '', '桃園市', '2024-04-12 05:33:02', '2024-04-12 05:33:02'),
(158, '和動物醫院', '信義區基隆路1段115號1樓', '907232272', '周一至周日 09:00 - 18:00', '疫苗接種', 3, '', '桃園市', '2024-04-12 05:33:02', '2024-04-12 05:33:02'),
(159, '星光動物醫院', '信義區莊敬路325巷23號', '27582738', '周一至周六 10:00 - 16:00', '疫苗接種', 4, '', '桃園市', '2024-04-12 05:33:02', '2024-04-12 05:33:02'),
(160, '白牙動物醫院', '信義區永吉路117號', '27653690', '周一至周日 09:00 - 17:00', '外科手術', 1, '', '桃園市', '2024-04-12 05:33:02', '2024-04-12 05:33:02'),
(161, '陽明家畜醫院', '士林區天母東路1之6號1樓', '28726911', '周一至周六 09:00 - 13:00', '預防保健', 0, '', '桃園市', '2024-04-12 05:33:02', '2024-04-12 05:33:02'),
(162, '福臨動物醫院', '士林區中山北路5段519號1樓', '28836500', '周一至周五 10:00 - 19:00', '疫苗接種', 0, '', '桃園市', '2024-04-12 05:33:02', '2024-04-12 05:33:02'),
(163, '天母家畜醫院', '士林區中山北路6段431之3號1樓', '28746381', '周一至周五 08:00 - 13:00', '影像診斷', 4, '', '桃園市', '2024-04-12 05:33:02', '2024-04-12 05:33:02'),
(164, '楊動物醫院', '士林區中山北路6段368號1樓', '28717261', '周一至周五 08:00 - 17:00', '預防保健', 4, '', '桃園市', '2024-04-12 05:33:02', '2024-04-12 05:33:02'),
(165, '微笑動物醫院', '士林區中山北路7段163號1樓', '28730728', '周一至周五 12:00 - 18:00', '慢性疾病管理', 3, '', '桃園市', '2024-04-12 05:33:02', '2024-04-12 05:33:02'),
(166, '士林獸醫院', '士林區中正路379號1樓', '28822193', '周一至周五 09:00 - 19:00', '影像診斷', 0, '', '桃園市', '2024-04-12 05:33:02', '2024-04-12 05:33:02'),
(167, '台愛動物醫院', '士林區中正路629號1樓', '88115729', '周一至周六 11:00 - 18:00', '營養諮詢', 2, '', '桃園市', '2024-04-12 05:33:02', '2024-04-12 05:33:02'),
(168, '阿牛犬貓急診醫院', '士林區基河路238號1樓', '28827381', '周一至周六 10:00 - 17:00', '營養諮詢', 3, '', '桃園市', '2024-04-12 05:33:02', '2024-04-12 05:33:02'),
(169, '忠誠獸醫院', '士林區文林路734號1樓', '28351390', '周一至周五 12:00 - 18:00', '牙科服務', 1, '', '桃園市', '2024-04-12 05:33:02', '2024-04-12 05:33:02'),
(170, '社子動物醫院', '士林區延平北路5段191號1樓', '28165355', '周一至周日 09:00 - 19:00', '牙科服務', 1, '', '桃園市', '2024-04-12 05:33:02', '2024-04-12 05:33:02'),
(171, '昌展動物醫院', '士林區延平北路6段160號1樓', '28169197', '周一至周五 09:00 - 14:00', '洗澡美容', 2, '', '桃園市', '2024-04-12 05:33:02', '2024-04-12 05:33:02'),
(172, '中興動物醫院', '士林區延平北路6段245號1樓', '28113970', '周一至周六 12:00 - 16:00', '預防保健', 1, '', '桃園市', '2024-04-12 05:33:02', '2024-04-12 05:33:02'),
(173, '信達犬貓專科醫院', '士林區華齡街22巷15弄5號1樓', '28812150', '周一至周五 08:00 - 19:00', '緊急醫療', 2, '', '桃園市', '2024-04-12 05:33:02', '2024-04-12 05:33:02'),
(174, '厚德動物醫院', '士林區華齡街54號1樓', '28831716', '周一至周五 11:00 - 19:00', '營養諮詢', 3, '', '桃園市', '2024-04-12 05:33:02', '2024-04-12 05:33:02'),
(175, '唯安動物醫院', '士林區承德路4段18號1', '28851695', '周一至周六 08:00 - 15:00', '寵物行為諮詢', 2, '', '桃園市', '2024-04-12 05:33:02', '2024-04-12 05:33:02'),
(176, '汎亞動物醫院', '士林區承德路4段183號1樓', '28826655', '周一至周六 12:00 - 19:00', '洗澡美容', 3, '', '桃園市', '2024-04-12 05:33:02', '2024-04-12 05:33:02'),
(177, '溫莎動物醫院', '士林區德行東路83號1樓', '28345969', '周一至周六 11:00 - 20:00', '牙科服務', 2, '', '桃園市', '2024-04-12 05:33:02', '2024-04-12 05:33:02'),
(178, '劉動物醫院', '士林區德行東路269號1樓', '28365679', '周一至周六 08:00 - 12:00', '營養諮詢', 4, '', '桃園市', '2024-04-12 05:33:02', '2024-04-12 05:33:02'),
(179, '芝山動物醫院', '士林區文林路762-2號1樓', '28328385', '周一至周五 12:00 - 16:00', '外科手術', 3, '', '桃園市', '2024-04-12 05:33:02', '2024-04-12 05:33:02'),
(180, '世東動物醫院', '士林區士東路39號1樓', '28712529', '周一至周五 11:00 - 18:00', '寵物行為諮詢', 2, '', '基隆市', '2024-04-12 05:33:02', '2024-04-12 05:33:02'),
(181, '常源動物醫院', '士林區德行東路189號1樓', '28370616', '周一至周日 10:00 - 15:00', '寄宿服務', 2, '', '基隆市', '2024-04-12 05:33:02', '2024-04-12 05:33:02'),
(182, '尼古拉動物醫院', '士林區克強路23號1樓', '28323386', '周一至周六 09:00 - 13:00', '慢性疾病管理', 1, '', '基隆市', '2024-04-12 05:33:02', '2024-04-12 05:33:02'),
(183, '大業動物醫院', '士林區延平北路5段314號', '28107070', '周一至周日 08:00 - 12:00', '牙科服務', 2, '', '基隆市', '2024-04-12 05:33:02', '2024-04-12 05:33:02'),
(184, '布達羊急診動物醫院', '士林區忠誠路1段102號', '28341119', '周一至周日 10:00 - 15:00', '寄宿服務', 4, '', '基隆市', '2024-04-12 05:33:02', '2024-04-12 05:33:02'),
(185, '恩萊動物醫院', '士林區承德路4段294號1樓', '28882468', '周一至周日 10:00 - 19:00', '牙科服務', 0, '', '基隆市', '2024-04-12 05:33:02', '2024-04-12 05:33:02'),
(186, '聯合家畜醫院', '北投區裕民一路 40巷29號1樓', '28282117', '周一至周五 09:00 - 13:00', '一般診療', 1, '', '基隆市', '2024-04-12 05:33:02', '2024-04-12 05:33:02'),
(187, '中英動物醫院', '北投區中央北路1段149、151號1樓', '28936119', '周一至周日 10:00 - 16:00', '寄宿服務', 3, '', '基隆市', '2024-04-12 05:33:02', '2024-04-12 05:33:02'),
(188, '北投動物醫院', '北投區中央北路2段60~1號1樓', '28928665', '周一至周六 12:00 - 18:00', '慢性疾病管理', 2, '', '基隆市', '2024-04-12 05:33:02', '2024-04-12 05:33:02'),
(189, '大同動物醫院', '北投區中央北路2段112號1樓', '28959607', '周一至周日 09:00 - 15:00', '營養諮詢', 2, '', '基隆市', '2024-04-12 05:33:02', '2024-04-12 05:33:02'),
(190, '旺旺動物醫院', '北投區東華街2段2號1樓', '28203693', '周一至周六 11:00 - 15:00', '洗澡美容', 1, '', '基隆市', '2024-04-12 05:33:02', '2024-04-12 05:33:02'),
(191, '百威動物醫院', '北投區中和街288號1樓', '28910951', '周一至周六 09:00 - 16:00', '寄宿服務', 4, '', '基隆市', '2024-04-12 05:33:02', '2024-04-12 05:33:02'),
(192, '和欣動物醫院', '北投區雙全街7號1樓', '28973439', '周一至周六 08:00 - 16:00', '洗澡美容', 3, '', '基隆市', '2024-04-12 05:33:02', '2024-04-12 05:33:02'),
(193, '全民動物醫院北投分院', '北投區懷德街6之3號1樓', '28939752', '周一至周六 08:00 - 14:00', '牙科服務', 3, '', '基隆市', '2024-04-12 05:33:02', '2024-04-12 05:33:02'),
(194, '豐茂動物醫院', '北投區實踐街64號1樓', '28210824', '周一至周五 12:00 - 18:00', '牙科服務', 2, '', '基隆市', '2024-04-12 05:33:02', '2024-04-12 05:33:02'),
(195, '丹堤動物醫院', '北投區知行路208~2號1樓', '55865668', '周一至周六 12:00 - 20:00', '牙科服務', 2, '', '基隆市', '2024-04-12 05:33:02', '2024-04-12 05:33:02'),
(196, '明德動物醫院', '北投區明德路115號1樓', '28239018', '周一至周五 09:00 - 19:00', '疫苗接種', 3, '', '基隆市', '2024-04-12 05:33:02', '2024-04-12 05:33:02'),
(197, '劍橋動物醫院', '北投區石牌路2段332~1號1樓', '28721398', '周一至周五 12:00 - 20:00', '外科手術', 4, '', '基隆市', '2024-04-12 05:33:02', '2024-04-12 05:33:02'),
(198, '加生動物醫院', '北投區石牌路1段95號1樓', '28207218', '周一至周六 09:00 - 17:00', '寄宿服務', 3, '', '基隆市', '2024-04-12 05:33:02', '2024-04-12 05:33:02'),
(199, '杜瑪動物醫院', '北投區大業路541號1樓', '28977779', '周一至周六 11:00 - 16:00', '牙科服務', 2, '', '基隆市', '2024-04-12 05:33:02', '2024-04-12 05:33:02'),
(200, '禾亞動物醫院', '北投區北投路2段19號1樓', '28986072', '周一至周六 11:00 - 19:00', '一般診療', 2, '', '基隆市', '2024-04-12 05:33:02', '2024-04-12 05:33:02'),
(201, '萬達動物醫院', '北投區義理街18號1樓', '28210585', '周一至周日 11:00 - 19:00', '營養諮詢', 3, '', '基隆市', '2024-04-12 05:33:02', '2024-04-12 05:33:02'),
(202, '湖光動物醫院', '北投區大業路631號1樓', '28966079', '周一至周五 12:00 - 19:00', '一般診療', 1, '', '基隆市', '2024-04-12 05:33:02', '2024-04-12 05:33:02'),
(203, '內湖動物醫院', '內湖區內湖路1段45號1樓', '27992011', '周一至周日 09:00 - 20:00', '疫苗接種', 2, '', '基隆市', '2024-04-12 05:33:02', '2024-04-12 05:33:02'),
(204, '西湖動物醫院', '內湖區內湖路1段341之2號1樓', '27990700', '周一至周日 08:00 - 20:00', '一般診療', 1, '', '基隆市', '2024-04-12 05:33:02', '2024-04-12 05:33:02'),
(205, '德安動物醫院', '內湖區內湖路1段611號1樓', '26582478', '周一至周六 09:00 - 17:00', '寄宿服務', 0, '', '基隆市', '2024-04-12 05:33:02', '2024-04-12 05:33:02'),
(206, '佳欣動物醫院', '內湖區內湖路2段383號1樓', '27946126', '周一至周六 08:00 - 20:00', '緊急醫療', 3, '', '基隆市', '2024-04-12 05:33:02', '2024-04-12 05:33:02'),
(207, '加洲動物醫院', '內湖區文德路9號1樓', '27987942', '周一至周日 10:00 - 19:00', '牙科服務', 1, '', '基隆市', '2024-04-12 05:33:02', '2024-04-12 05:33:02'),
(208, '港墘動物醫院', '內湖區港墘路109~2號1樓', '26575990', '周一至周六 12:00 - 18:00', '一般診療', 2, '', '基隆市', '2024-04-12 05:33:02', '2024-04-12 05:33:02'),
(209, '長慶動物醫院', '內湖區東湖路7巷7號1樓', '26331257', '周一至周五 11:00 - 19:00', '營養諮詢', 4, '', '基隆市', '2024-04-12 05:33:02', '2024-04-12 05:33:02'),
(210, '東湖動物醫院', '內湖區東湖路43巷15號1樓', '26332220', '周一至周日 12:00 - 18:00', '寵物行為諮詢', 2, '', '基隆市', '2024-04-12 05:33:02', '2024-04-12 05:33:02'),
(211, '全安動物醫院', '內湖區東湖路113巷54號1樓', '26336495', '周一至周五 12:00 - 17:00', '一般診療', 3, '', '基隆市', '2024-04-12 05:33:02', '2024-04-12 05:33:02'),
(212, '勝利動物醫院', '內湖區康樂街116之2號1樓', '26327815', '周一至周日 11:00 - 19:00', '洗澡美容', 3, '', '基隆市', '2024-04-12 05:33:02', '2024-04-12 05:33:02'),
(213, '康泰動物醫院', '內湖區康樂街164-1號1樓', '26313068', '周一至周日 08:00 - 12:00', '外科手術', 1, '', '基隆市', '2024-04-12 05:33:02', '2024-04-12 05:33:02'),
(214, '佳恩動物醫院', '內湖區成功路4段311號1樓', '27941290', '周一至周五 10:00 - 15:00', '外科手術', 3, '', '基隆市', '2024-04-12 05:33:02', '2024-04-12 05:33:02'),
(215, '健生動物醫院', '內湖區成功路4段182巷8弄4號1樓', '27910198', '周一至周日 09:00 - 18:00', '牙科服務', 0, '', '基隆市', '2024-04-12 05:33:02', '2024-04-12 05:33:02'),
(216, '亞馬森特寵專科醫院', '內湖區內湖路2段39-2號1樓', '87923248', '周一至周日 12:00 - 18:00', '牙科服務', 0, '', '基隆市', '2024-04-12 05:33:02', '2024-04-12 05:33:02'),
(217, '大湖動物醫院', '內湖區成功路5段10號1樓', '27968241', '周一至周日 12:00 - 19:00', '疫苗接種', 0, '', '基隆市', '2024-04-12 05:33:02', '2024-04-12 05:33:02'),
(218, '宇恒動物醫院', '內湖區民權東路6段57號1樓', '27951676', '周一至周日 09:00 - 18:00', '一般診療', 3, '', '基隆市', '2024-04-12 05:33:02', '2024-04-12 05:33:02'),
(219, '全國動物醫院台北分院', '內湖區舊宗路1段30巷13號1樓', '87918706', '周一至周日 11:00 - 15:00', '緊急醫療', 2, '', '基隆市', '2024-04-12 05:33:02', '2024-04-12 05:33:02'),
(220, '納嘉動物醫院', '內湖區內湖區成功路5段55號1樓', '26330555', '周一至周五 12:00 - 18:00', '預防保健', 4, '', '基隆市', '2024-04-12 05:33:02', '2024-04-12 05:33:02'),
(221, '維康動物醫院', '內湖區成功路3段150號1樓', '27937293', '周一至周日 12:00 - 17:00', '預防保健', 4, '', '基隆市', '2024-04-12 05:33:02', '2024-04-12 05:33:02'),
(222, '佳康動物醫院', '內湖區康寧路3段169-1號1樓', '26318345', '周一至周五 12:00 - 19:00', '寄宿服務', 2, '', '基隆市', '2024-04-12 05:33:02', '2024-04-12 05:33:02'),
(223, '角落動物醫院', '內湖區金湖路22號1樓', '27926858', '周一至周日 09:00 - 14:00', '寄宿服務', 3, '', '基隆市', '2024-04-12 05:33:02', '2024-04-12 05:33:02'),
(224, '樂沛動物醫院', '內湖區成功路4段368號1樓', '27909218', '周一至周日 10:00 - 19:00', '寄宿服務', 0, '', '基隆市', '2024-04-12 05:33:02', '2024-04-12 05:33:02'),
(225, '興沛動物醫院', '內湖區內湖路1段91巷32號', '27977553', '周一至周六 12:00 - 16:00', '寄宿服務', 0, '', '基隆市', '2024-04-12 05:33:02', '2024-04-12 05:33:02'),
(226, '核心動物醫院', '內湖區舊宗路1段50號', '87910059', '周一至周六 09:00 - 19:00', '預防保健', 0, '', '基隆市', '2024-04-12 05:33:02', '2024-04-12 05:33:02'),
(227, '艾美動物醫院台北總院', '內湖區港墘路107號1樓', '26580768', '周一至周日 12:00 - 17:00', '影像診斷', 0, '', '基隆市', '2024-04-12 05:33:02', '2024-04-12 05:33:02'),
(228, '默墨犬貓專科醫院', '內湖區成功路3段83-1號1樓', '979288648', '周一至周六 09:00 - 15:00', '寄宿服務', 4, '', '新竹市', '2024-04-12 05:33:02', '2024-04-12 05:33:02'),
(229, '安家行動寵物醫院', '內湖區成功路3段174巷17弄5號1樓', '906060366', '周一至周日 12:00 - 19:00', '慢性疾病管理', 3, '', '新竹市', '2024-04-12 05:33:02', '2024-04-12 05:33:02'),
(230, '利昂動物醫院', '內湖區文德路217號', '27975507', '周一至周六 08:00 - 15:00', '牙科服務', 4, '', '新竹市', '2024-04-12 05:33:02', '2024-04-12 05:33:02'),
(231, '光點犬貓專科醫院', '內湖區內湖路2段468號', '27900180', '周一至周五 10:00 - 16:00', '疫苗接種', 1, '', '新竹市', '2024-04-12 05:33:02', '2024-04-12 05:33:02'),
(232, '洪生動物醫院', '南港區忠孝東路7段571號1樓', '27833715', '周一至周五 12:00 - 17:00', '一般診療', 0, '', '新竹市', '2024-04-12 05:33:02', '2024-04-12 05:33:02'),
(233, '啟正動物醫院', '南港區南港路1段289~1號1樓', '26517616', '周一至周五 12:00 - 20:00', '緊急醫療', 0, '', '新竹市', '2024-04-12 05:33:02', '2024-04-12 05:33:02'),
(234, '中研動物醫院', '南港區研究院路1段72號1樓', '26512100', '周一至周六 10:00 - 20:00', '寵物行為諮詢', 4, '', '新竹市', '2024-04-12 05:33:02', '2024-04-12 05:33:02'),
(235, '維恩動物醫院', '南港區東新街132號1樓', '26515527', '周一至周五 10:00 - 17:00', '疫苗接種', 3, '', '新竹市', '2024-04-12 05:33:02', '2024-04-12 05:33:02'),
(236, '祐熙動物醫院', '南港區玉成街66-26號', '26519198', '周一至周日 10:00 - 15:00', '影像診斷', 4, '', '新竹市', '2024-04-12 05:33:02', '2024-04-12 05:33:02'),
(237, '純粹動物醫院', '南港區興中路80巷24號', '27860673', '周一至周五 10:00 - 18:00', '營養諮詢', 4, '', '新竹市', '2024-04-12 05:33:02', '2024-04-12 05:33:02'),
(238, '小布動物醫院', '南港區永吉路548號', '26547337', '周一至周日 09:00 - 16:00', '緊急醫療', 2, '', '新竹市', '2024-04-12 05:33:02', '2024-04-12 05:33:02'),
(239, '方舟特殊寵物專科醫院', '南港區研究院路一段101巷12號1樓', '26533636', '周一至周五 10:00 - 14:00', '外科手術', 0, '', '新竹市', '2024-04-12 05:33:02', '2024-04-12 05:33:02'),
(240, '正吉動物醫院', '文山區羅斯福路5段47~1號1樓', '29347505', '周一至周五 08:00 - 13:00', '營養諮詢', 0, '', '新竹市', '2024-04-12 05:33:02', '2024-04-12 05:33:02'),
(241, '景美動物醫院', '文山區羅斯福路6段6號1樓', '29310850', '周一至周六 10:00 - 19:00', '外科手術', 0, '', '新竹市', '2024-04-12 05:33:02', '2024-04-12 05:33:02'),
(242, '品安動物醫院', '文山區羅斯福路6段89號1樓', '29359188', '周一至周六 11:00 - 16:00', '營養諮詢', 4, '', '新竹市', '2024-04-12 05:33:02', '2024-04-12 05:33:02'),
(243, '加恩動物醫院', '文山區木柵路1段102號1樓', '22360117', '周一至周五 09:00 - 20:00', '緊急醫療', 1, '', '新竹市', '2024-04-12 05:33:02', '2024-04-12 05:33:02'),
(244, '達仁動物醫院', '文山區木柵路2段133號1樓', '29371558', '周一至周五 09:00 - 19:00', '寵物行為諮詢', 3, '', '新竹市', '2024-04-12 05:33:02', '2024-04-12 05:33:02'),
(245, '木新獸醫院', '文山區木新路3段133~2號1樓', '29362748', '周一至周六 09:00 - 16:00', '一般診療', 0, '', '新竹市', '2024-04-12 05:33:02', '2024-04-12 05:33:02'),
(246, '維拉動物醫院', '文山區興隆路1段94號1樓', '29333872', '周一至周日 12:00 - 18:00', '外科手術', 0, '', '新竹市', '2024-04-12 05:33:02', '2024-04-12 05:33:02'),
(247, '靜心獸醫院', '文山區興隆路2段13號1樓', '29330562', '周一至周五 12:00 - 16:00', '寄宿服務', 4, '', '新竹市', '2024-04-12 05:33:02', '2024-04-12 05:33:02'),
(248, '路加動物醫院', '文山區興隆路2段187號', '55852108', '周一至周六 10:00 - 18:00', '疫苗接種', 0, '', '新竹市', '2024-04-12 05:33:02', '2024-04-12 05:33:02'),
(249, '世安動物醫院', '文山區興隆路3段298~2號1樓', '22306841', '周一至周五 11:00 - 19:00', '慢性疾病管理', 0, '', '新竹市', '2024-04-12 05:33:02', '2024-04-12 05:33:02'),
(250, '再興動物醫院', '文山區興隆路1段1號1樓', '29342899', '周一至周六 09:00 - 14:00', '外科手術', 2, '', '新竹市', '2024-04-12 05:33:02', '2024-04-12 05:33:02'),
(251, '自強動物醫院', '文山區興隆路4段108號1樓', '29372852', '周一至周五 08:00 - 12:00', '寵物行為諮詢', 3, '', '新竹市', '2024-04-12 05:33:02', '2024-04-12 05:33:02'),
(252, '康禾動物醫院', '文山區興隆路4段159之1號1樓', '29374998', '周一至周五 11:00 - 18:00', '影像診斷', 2, '', '新竹市', '2024-04-12 05:33:02', '2024-04-12 05:33:02'),
(253, '亞太動物醫院', '文山區景福街244號1樓及地下1樓', '29300005', '周一至周五 12:00 - 17:00', '寄宿服務', 2, '', '新竹市', '2024-04-12 05:33:02', '2024-04-12 05:33:02'),
(254, '安心動物醫院', '文山區羅斯福路5段17號1樓', '29326935', '周一至周六 08:00 - 18:00', '影像診斷', 2, '', '新竹市', '2024-04-12 05:33:02', '2024-04-12 05:33:02'),
(255, '大群動物醫院', '文山區羅斯福路6段206號1樓', '29305557', '周一至周六 10:00 - 15:00', '一般診療', 0, '', '新竹市', '2024-04-12 05:33:02', '2024-04-12 05:33:02'),
(256, '締爾動物醫院', '文山區樟新街11之1號、11之2號', '29388211', '周一至周日 12:00 - 19:00', '營養諮詢', 0, '', '新竹市', '2024-04-12 05:33:02', '2024-04-12 05:33:02'),
(257, '景文動物醫院', '文山區景文街29號1樓', '89319955', '周一至周日 11:00 - 20:00', '洗澡美容', 0, '', '新竹市', '2024-04-12 05:33:02', '2024-04-12 05:33:02'),
(258, '景興動物醫院', '文山區景華街92號1樓', '29330600', '周一至周日 09:00 - 18:00', '影像診斷', 0, '', '新竹市', '2024-04-12 05:33:02', '2024-04-12 05:33:02'),
(259, '朱動物醫院', '文山區仙岩路62號1樓', '29332880', '周一至周六 10:00 - 16:00', '外科手術', 0, '', '新竹市', '2024-04-12 05:33:02', '2024-04-12 05:33:02');

-- --------------------------------------------------------

--
-- 資料表結構 `insurance`
--

CREATE TABLE `insurance` (
  `insurance_product_id` int NOT NULL,
  `insurance_company_name` varchar(255) NOT NULL,
  `insurance_type` varchar(100) NOT NULL,
  `applicable_pet_type` varchar(50) NOT NULL,
  `coverage_scope` text NOT NULL,
  `annual_limit` decimal(10,0) NOT NULL,
  `insurance_deductible` decimal(10,0) NOT NULL,
  `insurance_premium` decimal(10,0) NOT NULL,
  `insurance_rating` decimal(2,0) DEFAULT NULL,
  `created_at` datetime NOT NULL,
  `updated_at` datetime NOT NULL
) ENGINE=InnoDB DEFAULT CHARSET=utf8mb3;

--
-- 傾印資料表的資料 `insurance`
--

INSERT INTO `insurance` (`insurance_product_id`, `insurance_company_name`, `insurance_type`, `applicable_pet_type`, `coverage_scope`, `annual_limit`, `insurance_deductible`, `insurance_premium`, `insurance_rating`, `created_at`, `updated_at`) VALUES
(1, '快樂寵物保險', '意外保險', '魚', '常規護理和意外傷害', 750000, 3000, 2500, 5, '2024-04-12 05:33:03', '2024-04-12 05:33:03'),
(2, '安心動物保險公司', '綜合保險', '狗', '意外傷害、常規護理和急症治療', 1000000, 5000, 3000, 4, '2024-04-12 05:33:03', '2024-04-12 05:33:03'),
(3, '寵物安全保險', '基礎保險', '貓', '意外傷害和急症治療', 500000, 2000, 1500, 3, '2024-04-12 05:33:03', '2024-04-12 05:33:03'),
(4, '安心動物保險公司', '綜合保險', '狗', '意外傷害、常規護理和急症治療', 1000000, 5000, 3000, 4, '2024-04-12 05:33:03', '2024-04-12 05:33:03'),
(5, '寵物安全保險', '基礎保險', '貓', '意外傷害和急症治療', 500000, 2000, 1500, 3, '2024-04-12 05:33:03', '2024-04-12 05:33:03'),
(6, '全面寵物保險', '全覆蓋保險', '兔', '全面覆蓋', 800000, 4000, 3500, 4, '2024-04-12 05:33:03', '2024-04-12 05:33:03'),
(7, '可靠寵物保險', '高級保險', '鳥', '疫苗接種和常規護理', 600000, 1000, 2000, 2, '2024-04-12 05:33:03', '2024-04-12 05:33:03'),
(8, '安心動物保險公司', '綜合保險', '貓', '意外傷害、常規護理和急症治療', 900000, 2500, 2800, 5, '2024-04-12 05:33:03', '2024-04-12 05:33:03'),
(9, '寵物安全保險', '基礎保險', '狗', '意外傷害和急症治療', 450000, 1500, 1200, 3, '2024-04-12 05:33:03', '2024-04-12 05:33:03'),
(10, '快樂寵物保險', '意外保險', '狗', '常規護理和意外傷害', 700000, 3500, 2200, 4, '2024-04-12 05:33:03', '2024-04-12 05:33:03'),
(11, '全面寵物保險', '全覆蓋保險', '貓', '全面覆蓋', 950000, 4500, 4000, 5, '2024-04-12 05:33:03', '2024-04-12 05:33:03'),
(12, '可靠寵物保險', '高級保險', '兔', '疫苗接種和常規護理', 500000, 2000, 1800, 3, '2024-04-12 05:33:03', '2024-04-12 05:33:03'),
(13, '寵物安全保險', '基礎保險', '鳥', '意外傷害和急症治療', 550000, 2500, 1500, 4, '2024-04-12 05:33:03', '2024-04-12 05:33:03'),
(14, '安心動物保險公司', '綜合保險', '魚', '意外傷害、常規護理和急症治療', 850000, 3000, 3200, 4, '2024-04-12 05:33:03', '2024-04-12 05:33:03');

-- --------------------------------------------------------

--
-- 資料表結構 `members`
--

CREATE TABLE `members` (
  `MemberID` int NOT NULL,
  `Username` varchar(100) CHARACTER SET utf8mb4 COLLATE utf8mb4_0900_ai_ci NOT NULL,
  `Email` varchar(100) NOT NULL,
  `Password` varchar(100) CHARACTER SET utf8mb4 COLLATE utf8mb4_0900_ai_ci DEFAULT NULL,
  `Phone` varchar(20) NOT NULL,
  `RegistrationDate` datetime DEFAULT NULL,
  `Gender` varchar(10) NOT NULL,
  `Address` varchar(100) DEFAULT NULL,
  `Birthday` date DEFAULT NULL,
  `ResetToken` varchar(255) DEFAULT NULL,
  `user_photo` varchar(255) DEFAULT NULL
) ENGINE=InnoDB DEFAULT CHARSET=utf8mb4 COLLATE=utf8mb4_0900_ai_ci;

--
-- 傾印資料表的資料 `members`
--

INSERT INTO `members` (`MemberID`, `Username`, `Email`, `Password`, `Phone`, `RegistrationDate`, `Gender`, `Address`, `Birthday`, `ResetToken`, `user_photo`) VALUES
(1, 'John Doe', 'john.doe@example.com', '123456', '0939770456', '2024-01-28 20:17:46', '', NULL, NULL, NULL, NULL),
(2, 'Daren123', 'Dar88990111@gmail.com', '123456', '0939770456', '2024-01-28 22:34:32', '', NULL, NULL, NULL, NULL),
(4, 'darren0111', 'Darrena19990111@gmail.com', '$2y$10$1mLAynIrhAxxjcnVzfpDhOIZmdqYm/dX8mmRTyb8I.jJTEnQD/ftm', '0939989999', '2024-01-28 23:35:32', '', NULL, NULL, NULL, NULL),
(8, 'Darren02', 'Darren19991111@gmail.com', '$2y$10$lHHXwoLgV7NBjanIO98wmOgybIUwssAAIQdlXllCGA9Ytb9ip9c/y', '0939770456', '2024-01-29 12:03:55', '', NULL, NULL, NULL, NULL),
(12, 'Darren044', 'Darren191990111@gmail.com', '$2y$10$la5IZ8P1T3LAq9JhIj4U0uGoaQg55vUew.cvKwUiLL4j2nPO1JQ.e', '0939770456', '2024-01-29 12:04:18', '', NULL, NULL, NULL, NULL),
(13, 'darrrren54', 'Darrenf19990111@gmail.com', '$2y$10$BJ53gBhydqgczOl2iAY95eLYNzGOXCZycFdcEghT/y9eKsxhDLsYW', '0999949999', '2024-01-29 16:20:51', '', NULL, NULL, NULL, NULL),
(14, 'dar4rrren52', 'Dar4ren199390111@gmail.com', '$2y$10$V1LgRcITCL5MP2SQGLkekucV3Eyx/v0QPK.eR8uNO3fmSuF08NBia', '0939770564', '2024-01-29 16:23:55', '', NULL, NULL, NULL, NULL),
(15, '12121007', 'Darren1921990111@gmail.com', '$2y$10$LmcRzMc1g.u.YOx8Bzr.iuwshADoTFVCwsk5s4vvoebv6yYz.EzzK', '0939770456', '2024-01-29 16:30:03', '', NULL, NULL, NULL, NULL),
(16, '0.0', 'Darren199390111@gmail.com', '$2y$10$AzvhRpQEpQJaB9QHczYYFu7e9HZ7dH10nxPnQqqrOmIuVDKQAlWO.', '0939770456', '2024-01-29 16:36:28', '', NULL, NULL, NULL, NULL),
(34, 'Darren054', 'Darren199940111@gmail.com', '$2y$10$tnoQzKmCEJV27W9qfIJI.OGxLReGcsPu2CDRo0lzPu8Zn33azBWlq', '0939770455', '2024-01-30 09:44:38', '', NULL, NULL, NULL, NULL),
(35, 'DarrenGood2', 'Darren90111@gmail.com', '$2y$10$OC4RcYbJWkUosv1NfkSG7.hKfcjD.mOUCk5Gzy5CbVsRI6OlhiNFa', '0939770456', '2024-01-30 09:52:56', '', NULL, NULL, NULL, NULL),
(39, 'DarrenGood45', 'darren18D880111@gmailc.om', '$2y$10$gqVJlTUJAyDG4ppjKqYd2O/4xwggSiBRlYu9j7/E/yqNmZBZDbsAS', '0939770456', '2024-01-30 11:16:30', '', NULL, NULL, NULL, NULL),
(40, 'DarrnGood63', 'darren1111@gmailc.om', '$2y$10$xUBuJsi3hlaRxDKtW8i1rOTCNVl5vQ7qFJ2CPwQHIFV/bo3NqThgK', '0939770456', '2024-01-30 14:54:03', '', NULL, NULL, NULL, NULL),
(49, 'Darren11447', 'darrefn18880111@gmailc.om', '$2y$10$KLkjx4ZocXoavBVOqna7M.63UGoLl93N899gOiKNhwSsw.IKseZay', '0939770456', '2024-01-30 16:15:23', '', NULL, NULL, NULL, NULL),
(50, 'Darrenv0016', 'darren18dv880111@gmailc.om', '$2y$10$6zURh00B4vVr8hYNWIy6v.BKXtx.LGrmBEWcS6TcwOTqI1eKF5mIa', '0939770456', '2024-01-30 16:16:21', '', NULL, NULL, NULL, NULL),
(51, 'Darren9876', 'darren18ds880111@gmailc.om', '$2y$10$9Hv72OmNB4N7.xHra5i6W.4Kl71Y0BtfnpCzE1mGhlLpcQ4vRLStW', '0939770456', '2024-01-31 13:58:07', '', NULL, NULL, NULL, NULL),
(52, 'daren54878', 'Darr519990111@gmail.com', '$2y$10$SciqNFozdwpog7l5TRv/E.Ns6.LzT1.o7KGLgGqwYk/1l44Jr1cvO', '0939770456', '2024-01-31 14:01:41', '', NULL, NULL, NULL, NULL),
(53, 'gooddog', 'DarrenGO4OD@gmail.com', '$2y$10$sW5mnlGGu9/QQCKeTMXsFeF40ee.rcDn.bMk1mqi.tpSoBlVQPIAi', '0939770457', '2024-01-31 14:05:12', '', NULL, NULL, NULL, NULL),
(54, 'dar568e', 'Darren451999@gmail.com', '$2y$10$xKU9lGTq2VqTPik.n6gq7uKrSxGk7zCqUf483F1BpMevpxDSkF/Nm', '0939770456', '2024-01-31 14:29:50', '', NULL, NULL, NULL, NULL),
(55, 'darr5ren7', 'Da90111@gmail.com', '$2y$10$Qt6324ixBLVIOaYf8nw1uepXG93TVG7nhP1Mg9hDI3wAAANU/VbBW', '0939770456', '2024-01-31 14:30:55', '', NULL, NULL, NULL, NULL),
(56, 'dar5n56', 'Darren199901@gmail.com', '$2y$10$hPWk7QIcxb03lyhvxsxdheLW3EpZMV6xPt/uewhuSku/0V.8OP.4e', '0939770456', '2024-01-31 14:34:26', '', NULL, NULL, NULL, NULL),
(57, '123', 'darreds19990111@gmail.com', '$2y$10$Ynd3LmzROs0DgEFj7w938emFvPWHWdn6W1spfkaWwLwS8nmmYliiG', '0939770456', '2024-01-31 14:48:28', '', NULL, NULL, NULL, NULL),
(58, '125<3', 'Dasd90111@gmail.com', '$2y$10$pen2yTCGPCtCuvB3vKyqEereXeGCvJ2Iw.2hQSXNTEP5tSCfGs6pC', '0939770456', '2024-01-31 14:49:59', '', NULL, NULL, NULL, NULL),
(59, '1234gdf', 'Darfd90111@gmail.com', '$2y$10$E/1mtgf.YdM328z3ntEc2uPrPpyuKbbTHlCSzmJ0Y5asRZK9usX7y', '0939770456', '2024-01-31 14:52:59', '', NULL, NULL, NULL, NULL),
(60, '1234', 'Darre5n1111@gmail.com', '$2y$10$dOjlfVRN.s8j8o7.uoqgHuKZaR0hA0KGUykR2VeoW452bpO4TROnS', '0939770456', '2024-01-31 14:55:21', '', NULL, NULL, NULL, NULL),
(62, '12345666', 'Darreg111@gmail.com', '$2y$10$3lMiClx17VzwU0eLBRDDfOfvo1dsGgL7qMj87cT7ygzi85XIGwEqa', '0939770456', '2024-01-31 15:11:27', '', NULL, NULL, NULL, NULL),
(63, '1212456ddd', 'Darren1440111@gmail.com', '$2y$10$JZR2EhWlVGsikrpdE69XTuqSAT/brf/NsM7bjLBIVk8RKZlFPKmQy', '0939770456', '2024-01-31 15:15:46', '', NULL, NULL, NULL, NULL),
(64, 'dar7rrren5', 'Darr77en19990111@gmail.com', '$2y$10$HE.DlGRQeuewgAp3lFU8AupOF6WGSEZhYufsri5CR8ti3pCQU3py2', '0939770456', '2024-01-31 15:20:03', '', NULL, NULL, NULL, NULL),
(65, 'dar77rrrn4', 'Darrn19940111@gmail.com', '$2y$10$qNIWR4Bndr3nWCsvZL8.nuJKgxpIjPFQ1z/vdrTtrZh7iwtazJGVm', '0939770456', '2024-01-31 15:21:30', '', NULL, NULL, NULL, NULL),
(66, 'Darren057', 'd8801s@gmailc.om', '$2y$10$xUglTahxotYDFdJ5xAamzu0zdNV9hFh6h2Y9ojGabwKnDlg.Fwm1u', '0939770456', '2024-02-01 10:09:00', '', NULL, NULL, NULL, NULL),
(67, '12345565', 'darren18d@880111gmailc.om', '$2y$10$FRTyUi65CcyBDNEaeFGcc.ZST7lQ/9Km1tnv9ceSIdUU0xsp4nsJO', '0939770456', '2024-02-01 10:37:19', '', NULL, NULL, NULL, NULL),
(73, '123444g5', 'darren18d7@880111gmailc.om', '$2y$10$fpCm7HgK/FnlFIA850Wf0O8YZElKJ5emYI11VOKVPPn.TeUlBOxQO', '0939770456', '2024-02-01 10:38:08', '', NULL, NULL, NULL, NULL),
(76, '123444gsd', 'darn7818d7@880111gmailc.om', '$2y$10$rvgeRFmnLe1rG9A9TQTR5uLYBsOXzHypP0IkfYePAQDHp.Ya6Ic/u', '0939770456', '2024-02-01 10:38:25', '', NULL, NULL, NULL, NULL),
(77, 'fgfd546', 'den1fd111@gmailc.om', '$2y$10$jDSyM9jxUj6Fe/lRZ1PPdOHpgFxaZHFBHNJ703OxtO/sNRIHNDjHO', '0939770456', '2024-02-01 10:39:55', '', NULL, NULL, NULL, NULL),
(78, '1234fgh00', 'darrensdf88111@gmailc.om', '$2y$10$FuOH1wspfeTpR.zioqFSXuzy8ejVDqnQE/QK4ZnB/A6jMDx16/JH.', '0939770456', '2024-02-01 10:40:34', '', NULL, NULL, NULL, NULL),
(79, '456fgfs', 'd880asa111@gmailc.om', '$2y$10$LOtbyNvnFp3WWoV1cfSStOBnfkBHalq4D7N3GsVB02exAzxYMYVBC', '0939770456', '2024-02-01 11:34:44', '', NULL, NULL, NULL, NULL),
(82, '456fgfsf4ss', 'd88sdg0asa111@gmailc.om', '$2y$10$SBaDAVVoUFXBliWKfKA.MOzeEAf51NJoXc00tO7E7l8IvDknJUp1K', '0939770456', '2024-02-01 11:35:29', '', NULL, NULL, NULL, NULL),
(83, '123456dsfs34', 'd9998D880111@gmailc.om', '$2y$10$0vv3q3v4KCMyP5txPvgUqO4TaAIML4lJXwPNrzx4NkwRtHmI8wa3O', '0939770456', '2024-02-01 11:36:14', '', NULL, NULL, NULL, NULL),
(84, 'Darren6665', 'dasdrrefn18880111@gmailc.om', '$2y$10$NtbQD/Onw8suD358R7i2.O/4KhfSaJePdYfY6yP.GTw4kSP488bFG', '0939770456', '2024-02-01 11:37:07', '', NULL, NULL, NULL, NULL),
(85, '12456ff', 'rr1en18d880111@gmailc.om', '$2y$10$cTkGMJpi.x1ctgMOImlo8uX3HAzMvw4C33h6TWdmybUZ3bUfyZQCS', '0939770456', '2024-02-01 11:38:32', '', NULL, NULL, NULL, NULL),
(86, '454521888', 'da445480111@gmailc.om', '$2y$10$h4nzhjGfugtwXX7A.I9zwuZ661J7MGgXl/t7Q9Dpb4AtJRNqhRxqq', '0939770456', '2024-02-01 15:53:15', '', NULL, NULL, NULL, NULL),
(87, '1234564fff', 'darreai111@gmailc.om', '$2y$10$0fry7pNiifTEl2sQF3LsBOTvZtvunN/sDx/N.iYkJ834E9Fu3AtWe', '0939770456', '2024-02-02 01:00:33', '', NULL, NULL, NULL, NULL),
(88, 'Daffgrren', 'Dardfgs990111@gmail.com', 'Air770456', '0939770456', '2024-02-02 09:26:54', '', NULL, NULL, NULL, NULL),
(89, 'test54', 'test@gmail.com', '$2y$10$1qOKbzg2iuQdbafwX2ElNe3r5ygY9OP.b/WPolpFKYGTW5PVM1L5C', '0939770456', '2024-02-02 09:29:17', '', NULL, NULL, NULL, NULL),
(92, '54645687', 'darr4e456480111@gmailc.om', '$2y$10$mWiQQTrTTXaGTr.B6uoi5eDZzJIUFl8m2Qulgh54CdCn/KlBib.Tu', '0939770456', '2024-02-02 13:41:38', '', NULL, NULL, NULL, NULL),
(93, '4568786', 'darr45618d880111@gmailc.om', '$2y$10$2z.w7hW6cswM2IkAQA2zROIyCkexDSop90haf7IhtVJBe34SwRT/K', '0939770456', '2024-02-02 13:41:50', '', NULL, NULL, NULL, NULL),
(94, '123456', 'Darren19990111@gmail.com', '$2a$10$Rhd8W6e8aJrKAEnjPDGtf.tP06Mto9qNqUz/ThxdQg0gEVPCbkZEW', '0939770456', '2024-02-02 13:42:52', '', NULL, NULL, '$2a$10$IVRUmUzjHty9OstASCdr6OzgBfJzgJeqNaK8rbU5nMJvHdrh6LZxa', 'undefined_1713804325320.png'),
(95, 'darrrren5478', 'darrrren5478@gmail.com', '123456', '0939770456', '2024-04-11 11:11:23', '', NULL, NULL, NULL, NULL),
(96, 'darrrren57878', 'darrrren57878@gmail.com', '$2a$10$vmBzLGHjcDeZhjvoGEa5Ce4/bphgEeEWuNJoN9l7OjJ7bWkm4ZkNy', '0939770455', '2024-04-11 11:16:58', '', NULL, NULL, NULL, NULL),
(97, 'da87en', 'da87en@gmail.com', '$2a$10$KpfxKfHIdKSywwikARzIjuCR58p/FG9sdPFPrO55PyC9JIswzK7P2', '0939770456', '2024-04-11 11:29:54', '', NULL, NULL, NULL, NULL),
(98, 'darrrren545', 'darrrren545@gmail.com', '$2a$10$cT.g54KXBMNwEK/34jr0Ge/GSOJH4WFJqfOIQ.RPYSiZtFqJ5Zbqe', '0939770456', '2024-04-11 11:41:51', '', NULL, NULL, NULL, NULL),
(99, 'darrrren54878', 'darrrren54878@gmail.com', '$2a$10$9L3bvDJEwlN0.4V2UsrYX.96Y8oF.zLB/bn3vKeuavpY8M9TA7.zm', '0939770456', '2024-04-11 11:49:34', '', NULL, NULL, NULL, NULL),
(100, '4en5454', '4556111@gmail.com', '$2a$10$Eskwv5wTzElsSZBkn8SobOz/R1Hf.dsGAnbCY6KdwUIs9ufaMF.L.', '0939770456', '2024-04-11 11:50:56', '', NULL, NULL, NULL, NULL),
(101, 'darrrren55645', 'darre4521111@gmail.com', '$2a$10$ZjmSD2BH4XLGorLj/4t76eTNCIyUSgTwnGRGcxICDatvr94Y2hKBG', '0939770456', '2024-04-11 11:53:15', '', NULL, NULL, NULL, NULL),
(103, 'darrrren54447', 'darrrren54447@gmail.com', '$2a$10$r2.9csaSOYahmRi2GbRjiu/OrdrTe6aJ4Rnj12Tqy6FlhyRGvABO.', '0939770456', '2024-04-11 14:36:22', '', NULL, NULL, NULL, NULL),
(104, 'Dar8156', 'Dar8156@456456.commm', '$2a$10$iK/Hx4bExdNGCq0F4z9diu4am.B09IrdOiygTZ1VlHUKKM4o.yUuG', '0939770456', '2024-04-11 14:41:37', '', NULL, NULL, NULL, NULL),
(105, 'darr48787', 'darr48787@gmail.com', '$2a$10$q.LTY5YnosLIscCS.dV8ZO6ngHyVIDGLPODGSx3C7983bYEHACuAO', '0939770456', '2024-04-11 14:48:19', '男生', NULL, NULL, NULL, NULL),
(106, 'dalogin', 'dalogin@gmail.com', '$2a$10$k9sMkuPOLq8VSJaA72jjruvcaTEq93CEFvb9CNis5tmw3ZVAHxA4a', '0939770456', '2024-04-11 14:53:04', '女生', NULL, NULL, NULL, NULL),
(107, 'daddd87', 'daddd87@gmail.com', '$2a$10$yha2JpIR0bkxqcsxdtk1..HHIcctJiqM7dUgrVYodT8nqP7EBdUTm', '0939770456', '2024-04-11 15:20:35', '女生', NULL, NULL, NULL, NULL),
(108, 'da444447', 'da444447@gmail.com', '$2a$10$2tAscI1T3JrGh/y5cCt2Be2baQJi6QYdbDzevuD2WDTfdS2pkEDxK', '0939770456', '2024-04-11 15:45:38', '男生', NULL, NULL, NULL, NULL),
(109, 'darrSDF', 'SEW0111@gmail.com', '$2a$10$iKC9.xsPwDHVK2HCDAxjX.j7J2EIaxw9DKO6xReh.XkrJl/UhzWq6', '0939770456', '2024-04-12 13:41:03', '男生', NULL, NULL, NULL, NULL),
(110, 'Darren057', 'Darren057@gmail.com', '$2a$10$L4Pkr1Zrma.xmMxF1KNCGO2ARn4yPkO5j7a1021e4Opzmo9QZOB3G', '0939770456', '2024-04-12 14:02:48', '女生', NULL, NULL, NULL, NULL),
(111, 'dsdf333', 'dsdf333@gmail.com', '$2a$10$kegCv4KJtGR4QncX2YIrveUUJ/6C4736Zld8JcC9ydhm4TIGgxn8u', '0939770456', '2024-04-12 14:17:13', '男生', NULL, NULL, NULL, NULL),
(112, 'darrrfdss', 'df4g561c2@gmail.com', '$2a$10$gEWdfvM9CKTa4jSJfBwp8OOT5URVd4JH5wboyXx.hcG0ql70mcXSC', '0939770456', '2024-04-12 14:22:34', '女生', NULL, NULL, NULL, NULL),
(113, 'darrdsf489', 'darrdsf489@gmail.com', '$2a$10$Q9Cgka0XniM8ZjUcIafdfOgoCTN03ebF4XtX4tWxktPPgXz8plZpO', '0939770456', '2024-04-12 14:23:20', '女生', NULL, NULL, NULL, NULL),
(114, 'darrrfsd5', 'darrrfsd5@gmail.com', '$2a$10$19V6KLZoHLplm6tDKdMxs.syVz0z5ZfGrnKjrxi82c6749snD6abW', '0939770456', '2024-04-12 14:25:22', '女生', NULL, NULL, NULL, NULL),
(116, 'darfdren5', 'darfdren5@gmail.com', '$2a$10$MDFfyEFO5/mfB.diRU0ZLORRiSlfXZQFnkfkPxZtYqVfgZnoVNGSS', '0939770456', '2024-04-12 14:30:51', '男生', NULL, NULL, NULL, NULL),
(117, 'ssddsfee33', 'ssddsfee33@gmail.com', '$2a$10$BxY9tRL56ThrZWnXcAaRIO3pC9cq1E.O6oL6QF959ZQkjjY5/.2TO', '0939770456', '2024-04-12 14:31:23', '女生', NULL, NULL, NULL, NULL),
(119, 'darrrren578ss', 'darrrren578ss@gmail.com', '$2a$10$YS4tO1GFirvZ4.1YGtwgY./oHUqQA7O8JAXT0m6B4MeOY6uVJhJ7C', '0939770456', '2024-04-12 15:48:51', '男生', NULL, NULL, NULL, NULL),
(120, 'da4867d', 'da4867d@gmail.com', '$2a$10$qtb0qPkljaqSO9fkyIMlPO1RBmpP2LHCUts7tfSnv/4JHERvebtNK', '0939770456', '2024-04-13 14:57:53', '男生', NULL, NULL, NULL, NULL),
(121, '12', '2645@456456.commm', '$2a$10$wg/F0JCQieyyo1cuCZUgze3Jbv3a7e41KwKG/KnQPzGyLIhePsvV6', '0939770456', '2024-04-13 15:07:38', '女生', NULL, NULL, NULL, NULL),
(122, 'dfg444', 'darnsfdg44111@gmail.com', '$2a$10$HotO13tgFJFPhz7zH40R9unHo4k4hbXTXGsyo0vtzqRFhN6lqy3Ya', '0939770455', '2024-04-13 17:01:07', '女生', NULL, NULL, NULL, NULL),
(123, 'hgff456', 'darrdf44990111@gmail.com', '$2a$10$O/whsBSWtZ.JRFowBHV9XuaqPibWHrSg2c9qJ.YtCAoGMZWUpQweu', '0939770456', '2024-04-13 17:01:35', '女生', NULL, NULL, NULL, NULL),
(124, 'da12n5', 'darr123990111@gmail.com', '$2a$10$Y1zbeSj6N2oG3M1dl0Da6OYL/Aqfj7937EpK/adDIdzK8Up4UZBS.', '0939770456', '2024-04-13 17:07:44', '女生', NULL, NULL, NULL, NULL),
(125, 'd8978', '65719990111@gmail.com', '$2a$10$ixePrPRVQu08m0O8hVA6jeQGfjWaBeBkpjX4EfdLHqIo6h5CtCUpy', '0939770456', '2024-04-13 17:13:06', '女生', NULL, NULL, NULL, NULL),
(126, '2341235', 'dar12333111@gmail.com', '$2a$10$KVeZ6AIhFGiTandK7Nnng.z3B9uxispu0/sR5WhxRUVEFK7BMVRyu', '0939770456', '2024-04-13 17:17:54', '女生', NULL, NULL, NULL, NULL),
(127, '成功了嘛!!?', '123123@gmail.com', '$2a$10$109ziu/ect.QtIfNOkwUYOxFSOKTzZDRWSi8r86NSVGgkJMkJ2wkq', '0939770456', '2024-04-13 17:19:26', '男生', NULL, NULL, NULL, NULL),
(128, '87975', '789990111@gmail.com', '$2a$10$vT0TR6KtTMF5JBQwVCq6N.eKJt9UGOGa84on73nPPvkST6GF3rHW.', '0939770456', '2024-04-13 17:24:17', '女生', NULL, NULL, NULL, NULL),
(129, 'gfhfen5', '12315645645@456456.commm', '$2a$10$JilR.ASMSEGkQv5FPTBY5e6A2QfvAKMcWivgPSkrstNvOoFz5JUku', '0939770456', '2024-04-13 17:28:16', '男生', NULL, NULL, NULL, NULL),
(130, '7777777', '123456sss@gmail.com', '$2a$10$ZxxzYrgR.jPoPzlZVuAVc.dnrfZlxTmSTQvXiIqjHSOugDCDNhkrS', '0939770456', '2024-04-14 15:17:16', '男生', NULL, NULL, NULL, NULL),
(131, '123555', '123555@gmail.com', '$2a$10$XuztKg6.yZqx74WCUrUEVepxvwsORe97iUNOu28jCrgllDxkgCVLq', '0939770456', '2024-04-14 16:29:32', '女生', NULL, NULL, NULL, NULL),
(132, '14561', '14561@gmail.com', '$2a$10$PNlou9.r4ijlrPacUHyryOd8zq4EVcC4soc8IzMknS3Rfz1WHTEYK', '0939770456', '2024-04-15 10:33:48', '女生', NULL, NULL, NULL, NULL),
(133, '45d6fs', '45d6fs@gmail.com', '$2a$10$Y.9H1YsUuaySFO3Y3KHEueiyyMuljye14ngKVrGf8KvgAMs7YsJ.G', '0939770456', '2024-04-15 14:39:07', '男生', NULL, NULL, NULL, NULL),
(134, '', '', '', '3213213211', '2024-04-15 14:50:08', '男生', NULL, NULL, NULL, NULL),
(135, 'daSfn5', 'daSfn5@gmail.com', '$2a$10$8bd9WgzuPDBp0DF5HSUnoeoc7DGZdn.Yb0xz.sQAVfOC5zkdrGOa2', '0939770456', '2024-04-16 12:10:22', '男生', NULL, NULL, NULL, NULL),
(136, 'fdsfsd33', 'DAnna@gmail.com', '$2a$10$JpM.bFOKDnAZf7/6LUAozeHWx4mNa5OPC0DajuVf/Z0DsAf0sGy/u', '0939770458', '2024-04-16 12:11:10', '男生', NULL, NULL, NULL, NULL),
(137, 'Darrdn055', 'Darrdn058@gmail.com', '$2a$10$JImAp23O3teDfHoM7Vjgp.BBewaMJOlHRZB5mLbGruzZN5PHBnd.2', '1234567899', '2024-04-16 14:13:31', '男生', '大順一路453號', NULL, NULL, NULL),
(138, 'DAnna', 'DAnna520@gmail.com', '$2a$10$UUcnGYeVbQeuBFo3sksiz.6lGPINank76cNAsI/eFqJZ.vw7a1SWe', '0939770456', '2024-04-16 15:04:24', '女生', NULL, NULL, NULL, NULL),
(139, 'yyy', 'darren0111@gmail.com', '$2a$10$KVeZ6AIhFGiTandK7Nnng.z3B9uxispu0/sR5WhxRUVEFK7BMVRyu', '1234567899', '2024-04-17 14:02:58', '男生', '123', NULL, NULL, NULL),
(140, '45794', '@', '$2a$10$ZHgjN9xKnav4aQwts.JLke5F4nQZrH4stfpOKRsZQn9SQ7A3qq9D.', '0939778456', '2024-04-17 16:34:23', '男生', NULL, NULL, NULL, NULL),
(141, 'Darren55', 'Darren55@gmail.com', '$2a$10$zTpYtubZlLTuBV4qGIvLNuZCGW6e1OyQyqvWUe1xjEOuPpgzcRtmO', '0939770456', '2024-04-18 15:55:16', '女生', NULL, NULL, NULL, NULL),
(142, 'Darren56', 'Darren56@gmail.com', '$2a$10$oe6V2c9.Zouyc07IWwdOfOAv3EKb0FlJJseSaslxBl7ef9CTqkOSm', '0939770456', '2024-04-18 15:56:32', '男生', NULL, NULL, NULL, NULL),
(143, 'Darren57', 'Darren57@gmail.com', '$2a$10$syd81JfjZyGN9do7wLBumOpfbBKt0oxl9JUyRA7kLxNW5nDwXNtdy', '0939770456', '2024-04-18 15:59:07', '男生', NULL, NULL, NULL, NULL),
(144, 'Darren58', 'Darren58@gmail.com', '$2a$10$qTCckOCzg5tfSfJ3CLyLY.IXFc9MFR4jrVBKaUXdmhPnTZS2aJiMe', '0939770456', '2024-04-18 16:01:28', '男生', NULL, NULL, NULL, NULL),
(145, 'Darren59', 'Darren59@gmail.com', '$2a$10$AywwCXYzmPMRhIsWZ9KAUOCA6AxtvTDwHI..pOT6KOl6DQgWB196q', '0939770456', '2024-04-18 16:10:24', '男生', NULL, NULL, NULL, NULL),
(146, '23123', 'Darren60@gmail.com', '$2a$10$AWDELVhU5GmkXnF0QozFReG74UYKl6vOvQxANq5iunU/.DZggWVYW', '0939770456', '2024-04-18 16:13:31', '男生', NULL, NULL, NULL, NULL),
(147, 'Darren61', 'Darren61@gmail.com', '$2a$10$5U9tqYIib0iip5gTWmJBIuf3v1DIqyIlw974ivymsZsp1Wemrh3La', '0939770456', '2024-04-18 16:18:29', '男生', NULL, NULL, NULL, NULL),
(148, 'Darren62', 'Darren62@gmail.com', '$2a$10$7nFD0I3mzsS7IIvEN.xBtuU821sBBUq6LE8RC9GfhpoMnrMLFF/a.', '0939770456', '2024-04-18 16:57:25', '男生', NULL, NULL, NULL, NULL),
(149, 'dardfg', 'dardfg@gmail.com', '$2a$10$aFgoV4IhlWwbWyDXES14Du68bPf.VST64xJI5c945lk4Nrq3PJCES', '0939770456', '2024-04-18 17:54:07', '男生', NULL, NULL, NULL, NULL),
(150, '12313', 'google@gmail.com', '$2a$10$VutGGbFAmiZ19w3aWDehRuTAP5BZ/a5ubxIMBTKiixIE9wOBpuCEC', '0939770456', '2024-04-19 15:38:02', '男生', NULL, NULL, NULL, NULL),
(151, '123123', 'google2@gmail.com', '$2a$10$RXsKXKxAVJxep.cES51ya.aOlowGopQ6883PNsLlZnGYn.3z4rIYm', '0939770456', '2024-04-19 17:00:41', '男生', NULL, NULL, NULL, NULL),
(152, '123456', 'google3@gmail.com', '$2a$10$gtH1WYOa.xLXk9zIWSNlLu/dW6/03NFFHdwYgEetVgqjR.ri.WRCG', '0939770456', '2024-04-19 17:03:36', '男生', NULL, NULL, NULL, NULL),
(153, 'google4', 'google4@gmail.com', '$2a$10$8.6g45XE9C7Jy2nJz15Fbej4FyAoJzau8IBebNORnnCq0Pz598mCy', '0939770456', '2024-04-19 18:59:33', '男生', NULL, NULL, '$2a$10$PImhy5EN13g98feGn0qbSuIxy3KTIW.4XFFhZH9uUNLM4G.Mkpu7S', NULL),
(154, 'google5', 'google5@gmail.com', '$2a$10$k9ZgxyzzPPAMtFyt1P.QVOb8C3T0qZWm0SsYtMfhmg4iPkMSibV.q', '0939770456', '2024-04-20 11:49:33', '男生', NULL, NULL, NULL, NULL),
(155, '123', 'Darren001@gmail.com', '$2a$10$w21AaOTxUIFlcV/PLjvpxumRBVeBugucNdY6mCThZ7y1.Yd8CLvrq', '0939770456', '2024-04-21 13:23:59', '男生', NULL, NULL, NULL, NULL),
(156, 'Darren', 'darr11@gmail.com', '$2a$10$diyuvL58S7a/pkV1LQTFYuG.5yHjKYxqR5/E6bjqzYuqIJ1rAi86u', '0939770456', '2024-04-22 10:55:11', '男生', NULL, NULL, NULL, NULL),
(157, 'ddsan5', 'ddsan5@gmail.com', '$2a$10$wlhGKdG.jmF8fkYFT4Z7JeY5s8wHKYBfAkUz728eJRbnqcH6IrJ6G', '0939770456', '2024-04-22 13:23:38', '男生', NULL, NULL, NULL, '[object Object]'),
(158, '456dsf7', '456dsf7@gmail.com', '$2a$10$ydDF81gewVpQYf/ZLm0FE.IsdEIuLBe74UTmKkw5HvDb56SNnM886', '0939770456', '2024-04-22 13:25:05', '男生', NULL, NULL, NULL, '[object Object]'),
(159, 'f5', 'fdsf4444@gmail.com', '$2a$10$dl8KkbxSsf3VoWBuupE3au/DSY/hOEzqitnMIHQA0DPreYQWUp/JK', '0939770456', '2024-04-22 14:46:26', '男生', NULL, NULL, NULL, '[object Object]'),
(160, 'darrdfds', 'darrdfds@gmail.com', '$2a$10$.BzdkW2j86TvOAuCKSL6ve4hSdIkHoNsg6nQwfwbhFfIOc2K6qIkG', '0939770456', '2024-04-22 17:00:28', '男生', NULL, NULL, NULL, '[object Object]'),
(161, 'dasdsren5', 'dasdsren5@gmail.com', '$2a$10$4R0RyxDJBHMdv1zfhfQFy.hY.5/Sz8cKgo2P.JgVjNxexMpF2u.7K', '0939770456', '2024-04-22 17:04:13', '男生', NULL, NULL, NULL, '[object Object]'),
(162, '45664212', '45664212@gmail.com', '$2a$10$3Z1UzVJE4OhLt7uDW4Epne02aCuRCeTLdyrmLjgMbHPAk153xHcda', '0939770456', '2024-04-22 17:38:10', '女生', NULL, NULL, NULL, '[object Object]'),
(163, 'daen545', 'daen545@gmail.com', '$2a$10$iFiy2ai3I7b204iLTbwRkuI25vGR0kSOD447csKmzMWYTr3vLzzai', '0939770456', '2024-04-22 17:41:35', '男生', NULL, NULL, NULL, '[object Object]'),
(164, '4sdfds33', '4sdfds33@gmail.com', '$2a$10$vEy8M73sULyzzwaoDB8wN.kWK7zRHGhKAtFMTSm27EeIl9xqGpXwG', '0939770456', '2024-04-23 00:47:02', '女生', NULL, NULL, NULL, 'googleLogo.png_1713809863460.png'),
(165, 'dardsren5', 'dardsren5@gmail.com', '$2a$10$OA9S8KjGUmLfKigRkLc6HO9CYVnvK/nphxsjcg3S49SX6j2nzqHxW', '0939770456', '2024-04-23 02:23:40', '男生', NULL, NULL, NULL, 'YOLO.jpg_1713810298590.jpg'),
(166, '123', 'photo1@gmail.com', '$2a$10$SqE2hFH0WGw57qcpAHSfIejoJSWwxNJuRk7hN2xnMXgY59X7YE/S6', '0939770456', '2024-04-23 02:30:06', '男生', NULL, NULL, NULL, 'googleLogo.png_1713860819393.png'),
(167, 'photo2', 'photo2@gmail.com', '$2a$10$HHwIequnNtvgn2hOqxa7ROsAsrjYB47a9gwEyCKjPNsJ5LGfu8oL.', '0939770456', '2024-04-23 16:36:11', '男生', NULL, NULL, NULL, 'userPhoto.jpg_1713861782468.jpg'),
(168, 'photo3', 'photo3@gmail.com', '$2a$10$Nsh64t1Y49CMcqc4mtkEfuCKA3iDxXGB.T8nP2rPpSvNYUlzu3aJW', '0939770456', '2024-04-23 16:44:52', '男生', NULL, NULL, NULL, 'userPhoto.jpg_1713861967509.jpg'),
(169, '123456', 'photo4@gmail.com', '$2a$10$59cvsR1CecbkiP2gJcZLL.p6jDOyx2r1M7.R6X37PQHFSc9zsK1Rm', '0939770455', '2024-04-23 16:46:33', '男生', '大順一路', NULL, NULL, 'googleLogo.png_1713929685413.png'),
(170, '123456', 'photo5@gmail.com', '$2a$10$mpVJTHBRRn0EL70VfjqVzeQ1HTFKAHSrrXcIL/PtTkjRpQRNUqniy', '0939770456', '2024-04-24 11:44:42', '女生', NULL, NULL, NULL, 'googleLogo.png_1713930369048.png'),
(171, 'photo6', 'photo6@gmail.com', '$2a$10$FaTQEYH3RGXxBsgg8FSclelngHd8kXV885..N8CD.RdzlkT/w47Me', '0939770456', '2024-04-24 11:46:54', '女生', NULL, NULL, NULL, 'googleLogo.png_1713930868485.png'),
(172, '456', 'photo7@gmail.com', '$2a$10$EWe.HefM83eoPfuoTqBS..rDx0erO8M9VcQS3hhyGVRhHCVItPTri', '0939770456', '2024-04-24 11:55:04', '男生', NULL, NULL, NULL, 'userPhoto.jpg_1713931110350.jpg'),
(190, 'Darren', 'DarrenDarren@gmail.com', '$2a$10$S23GsNyE/2qBX/wKnOqr7.MsKJiPWzNnk7WJtTYhOY2bNcM8SbyQK', '0939770456', '2024-04-24 14:30:27', '男生', NULL, NULL, NULL, 'cat1.png_1713940335762.png'),
(191, 'darrrren5', 'darredarren111@gmail.com', '$2a$10$V2e9Xz.I6csP99IenNzz/Omrep4N46DikttBMvEyFmw.FquYkxKpG', '0939770456', '2024-04-24 15:43:14', '男生', NULL, NULL, NULL, NULL),
(192, 'darrrren5', 'dadarrrren59990111@gmail.com', '$2a$10$WvAMtCg4MNVJy9YAfYWrnOdD3vnO2DPr8Zhfqn6KQtnpuoPj/PO4i', '0939770456', '2024-04-24 19:03:34', '女生', NULL, NULL, NULL, 'cat7.png_1714016984599.png'),
(193, '小明', 's123@gmail.com', '$2a$10$z05fqWZyYOIgPS2..zaNDOuTFP6VBw92fP4GsPTrhPtzKbTGiX4AW', '0912345678', '2024-04-25 12:38:31', '男生', NULL, NULL, NULL, NULL);

-- --------------------------------------------------------

--
-- 資料表結構 `orders`
--

CREATE TABLE `orders` (
  `fk_member_id` int NOT NULL,
  `orders_id` int NOT NULL,
  `created_at` datetime DEFAULT CURRENT_TIMESTAMP,
  `total_price` int NOT NULL,
  `payment_method` varchar(255) CHARACTER SET utf8mb4 COLLATE utf8mb4_0900_ai_ci NOT NULL,
  `shipment_fee` int NOT NULL,
  `fk_coupon_code` varchar(100) CHARACTER SET utf8mb4 COLLATE utf8mb4_0900_ai_ci DEFAULT NULL,
  `orders_state` varchar(50) CHARACTER SET utf8mb4 COLLATE utf8mb4_0900_ai_ci NOT NULL,
  `final_total` int NOT NULL,
  `fk_creditcard_id` int DEFAULT NULL,
  `recipient_name` varchar(255) CHARACTER SET utf8mb4 COLLATE utf8mb4_0900_ai_ci NOT NULL,
  `recipient_phone` varchar(20) CHARACTER SET utf8mb4 COLLATE utf8mb4_0900_ai_ci NOT NULL,
  `recipient_address` varchar(255) CHARACTER SET utf8mb4 COLLATE utf8mb4_0900_ai_ci NOT NULL,
  `coupon_discount` int DEFAULT NULL
) ENGINE=InnoDB DEFAULT CHARSET=utf8mb4 COLLATE=utf8mb4_0900_ai_ci;

--
-- 傾印資料表的資料 `orders`
--

INSERT INTO `orders` (`fk_member_id`, `orders_id`, `created_at`, `total_price`, `payment_method`, `shipment_fee`, `fk_coupon_code`, `orders_state`, `final_total`, `fk_creditcard_id`, `recipient_name`, `recipient_phone`, `recipient_address`, `coupon_discount`) VALUES
(195, 1, '2024-04-28 23:35:04', 67104, '貨到付款', 45, 'DISCOUNT10', '待付款', 67139, NULL, '1', '1', '1', 10),
(193, 2, '2024-04-29 16:16:27', 640, '貨到付款', 45, 'DISCOUNT10', '待付款', 675, NULL, '123', '123', '123', 10);

-- --------------------------------------------------------

--
-- 資料表結構 `orders_detail`
--

CREATE TABLE `orders_detail` (
  `orders_detail_id` int NOT NULL,
  `fk_orders_id` int NOT NULL,
  `fk_product_id` int NOT NULL,
  `quantity` int NOT NULL
) ENGINE=InnoDB DEFAULT CHARSET=utf8mb4 COLLATE=utf8mb4_0900_ai_ci;

--
-- 傾印資料表的資料 `orders_detail`
--

INSERT INTO `orders_detail` (`orders_detail_id`, `fk_orders_id`, `fk_product_id`, `quantity`) VALUES
(1, 1, 2, 2),
(2, 2, 3, 1),
(3, 1, 4, 1),
(4, 3, 5, 2),
(5, 2, 6, 3),
(6, 3, 7, 4),
(7, 4, 8, 2),
(8, 4, 9, 3),
(9, 5, 10, 1),
(10, 5, 11, 2),
(11, 6, 12, 3),
(12, 6, 13, 2),
(13, 7, 14, 1),
(14, 7, 15, 4),
(15, 8, 16, 1),
(16, 8, 17, 3),
(17, 9, 18, 2),
(18, 9, 19, 2),
(19, 10, 20, 1),
(20, 10, 21, 3),
(21, 72, 19, 3),
(22, 72, 12, 3),
(23, 72, 51, 3),
(24, 2, 1, 8);

-- --------------------------------------------------------

--
-- 資料表結構 `pet_info`
--

CREATE TABLE `pet_info` (
  `pet_id` int NOT NULL,
  `pet_name` varchar(100) NOT NULL,
  `pet_number` varchar(100) NOT NULL,
  `pet_type` varchar(10) NOT NULL,
  `pet_age` int NOT NULL,
  `pet_gender` varchar(10) NOT NULL,
  `pet_color` varchar(10) NOT NULL,
  `pet_photo` varchar(255) NOT NULL,
  `pet_story` text NOT NULL,
  `pet_qualities` varchar(255) NOT NULL,
  `pet_simple_narrative` varchar(255) NOT NULL,
  `pet_health` varchar(255) NOT NULL,
  `pet_medical_record` text,
  `pet_character` tinyint NOT NULL,
  `pet_locomotion` tinyint NOT NULL,
  `pet_adaptability` tinyint NOT NULL,
  `pet_extroversion` tinyint NOT NULL,
  `pet_bark` tinyint NOT NULL,
  `pet_anxiety` tinyint NOT NULL,
  `pet_aggression` tinyint NOT NULL,
  `pet_guarding` tinyint NOT NULL,
  `fk_shelter_id` int NOT NULL
) ENGINE=InnoDB DEFAULT CHARSET=utf8mb3;

--
-- 傾印資料表的資料 `pet_info`
--

INSERT INTO `pet_info` (`pet_id`, `pet_name`, `pet_number`, `pet_type`, `pet_age`, `pet_gender`, `pet_color`, `pet_photo`, `pet_story`, `pet_qualities`, `pet_simple_narrative`, `pet_health`, `pet_medical_record`, `pet_character`, `pet_locomotion`, `pet_adaptability`, `pet_extroversion`, `pet_bark`, `pet_anxiety`, `pet_aggression`, `pet_guarding`, `fk_shelter_id`) VALUES
(1, '米可', 'PN1074', '狗', 10, '公', '黑', '1.jpg', '米可的右腳被捕獸夾夾住，一位好心的農夫發現後，立即聯繫當地的動物醫院進行緊急救治。經過仔細的手術和治療，雖然米可失去了右腳，但他展現出驚人的韌性，堅強地面對著新的生活。輾轉進入收容所後，米可在收容所中逐漸適應了新的環境，展現出活潑友善的個性。儘管他失去了後腳，米可仍希望找到一位願意給予牠愛的人，成為新的家庭成員。', '溫柔', '黑色溫柔親人大狗狗', '定期驅蟲', '牙齒保健良好，建議定期清潔。', 2, 5, 5, 4, 3, 3, 2, 1, 9),
(2, '寶寶', 'PN4419', '貓', 5, '母', '橘', '2.jpg,2.jpg,2.jpg', '寶寶是一隻可愛的藍眼貓，毛色呈現黑和白相間。寶寶被不負責任的飼主將小藍拋棄在市區的小巷中。當時的小藍因為失去了家庭而感到驚慌，一直躲在角落裡躲避著陌生的城市生活，被遺棄的小藍在巷口被一群好心市民發現，他們聯合起來照顧小藍，並通報動物保護組織。小藍在被送往收容所後，展現出親人的一面，與其他貓咪友善相處。儘管牠經歷了遺棄，但小藍仍充滿對人類的信任，期待有一天能夠找到一個永遠的家。', '活潑', '虎斑色活潑小貓', '定期驅蟲,疫苗', '無異常發現，建議保持正常飲食和運動。', 2, 4, 2, 3, 3, 5, 5, 3, 2),
(3, '妙妙', 'PN3070', '貓', 5, '公', '橘', '3.jpg', '妙妙在一場森林火災中失去了家園，被迫四處尋找食物。雖然妙妙的毛皮因火災而受損，但他保持著活潑好奇的天性，渴望找到一個安全的地方。', '忠誠', '溫順忠誠的橘色貓咪', '定期驅蟲,晶片,疫苗', '曾有輕微感冒症狀，已完全康復，建議保持溫暖和休息。', 5, 5, 3, 1, 2, 1, 3, 2, 1),
(4, '蘿絲', 'PN4778', '狗', 4, '公', '灰', '4.jpg', '在城市的某個角落，專員在路邊遇見了一隻名為蘿絲的狗狗。他溫和內斂的氣質深深吸引了評估專員的目光。\n蘿絲與其他狗狗不同，他在評估時並未吠叫，反而乖巧地趴在籠子內，展現出與眾不同的安靜耐心。\n來到園區後，蘿絲散發著滿滿的明星氣質，其他狗狗也不知為何都喜歡圍繞著他玩耍，形成了一個歡樂的小圈子。聰明又聽話的蘿絲很快就學會了各種基本指令，展現了他超越一般狗狗的智慧。蘿絲在中途家庭中適應得非常好，大家都讚譽他的適應力和親和力，使他迅速成為家庭的一份子。\n蘿絲是一隻乖巧溫順的好狗狗，正在等待著一位特別的主人，給予他一個永遠的家。', '害羞', '慢熟也比較容易緊張的混色米克斯狗狗', '定期驅蟲,結紮,晶片,疫苗', '體重正常，毛髮狀態良好，建議每月梳理毛髮。', 1, 1, 2, 4, 4, 1, 5, 3, 2),
(5, '小白', 'PN5191', '狗', 7, '母', '黑', '5.jpg', '小白其實不白，很多人看到小白都驚訝的會心一笑，因為小白只有胸口一點白！2021年的五月，民眾通報有飼主虐待狗，被用鐵鍊拉扯和棍子追打，這時的小白才剛滿一歲，在身心靈上都受到很大痛苦。進入園區之後，小白對於人的動作非常敏感，隨時眼睛瞪大且隨時準備躲回藏身處，牽繩也讓他非常排斥。不當飼養也讓小白染上心絲蟲，而經過園區長久的治療和兩年來充滿愛的陪伴，現在小白已經能跟人正常互動，眼神更加溫柔且非常喜歡跟人玩基本指令訓練，這能讓小白得到滿滿的成就感呢！受虐的狗狗要回到正常生活非常不容易，小白很努力，我們一起幫他加油集氣！！', '耿直', '忠誠耿直的大狗狗', '晶片,疫苗', '食慾正常，建議定期檢查寵物飲食習慣。', 2, 4, 5, 1, 2, 5, 3, 2, 7),
(6, '仙貝', 'PN2059', '狗', 9, '母', '棕', '6.jpg', '2021年冬天，寒冷的街頭上，仙貝窩在樓梯口躲避寒風吹襲。好心民眾經過時，赫然發現脖子上戴著大大的板子，上頭寫著：「你們好，我不會咬人，我被棄養了，請收留我。」仙貝捲曲著皮包骨的身體，不斷顫抖，好心民眾實在不忍心，決定幫助他，在一波曲折後，最後找到了收容所。\n在園區度過了八個月，親人又聰明的仙貝現在已經在中途家庭實習，重新適應家庭生活了～', '好奇', '好奇心滿滿的小狗', '結紮,定期驅蟲', '運動活潑，建議每天提供足夠的運動空間。', 2, 2, 4, 5, 3, 4, 2, 5, 8),
(7, '咖啡', 'PN9174', '貓', 1, '母', '灰', '7.jpg', '咖啡是一隻灰色黃眼的虎斑小貓，被發現在一家咖啡店的後院中。咖啡店附近的員工發現了他，並將他送到附近的動物收容所。咖啡在園區中展現了活潑可愛的性格，總是跟著其他貓咪一起玩耍。他現在等待著一個新的家，一個能夠給他溫暖和愛的家。', '獨立', '獨立聰明的米克斯', '晶片', '曾有耳朵發炎，已經治愈，建議定期檢查耳朵健康。', 4, 1, 1, 4, 5, 5, 3, 5, 8),
(8, '貝貝', 'PN5619', '貓', 8, '母', '白', '8.jpg', '救援人在上班時邂逅了貝貝，並試著幫他找到主人，貝貝在收容所待了好一段日子都沒有人來領回，直到貝貝結完紮即將要被原放，救援人不忍心這麼親人、幼小的狗狗要回到街頭流浪，於是找到了收容所。貝貝也很爭氣地通過巴克幫專員的評估，領養幼犬需要做更多功課、花費更多時間，但貝貝一定不會辜負你的期待！你準備好了嗎？', '聰明', '聰明又喜愛探險', '疫苗', '曾有皮膚敏感情況，建議使用適合的寵物洗毛產品。', 4, 4, 1, 1, 1, 2, 3, 2, 5),
(9, '薩姆', 'PN3840', '狗', 6, '公', '棕', '9.jpg', '薩姆是一隻流浪狗，被發現在一個繁忙的市區街頭。小丸的毛色呈現灰褐色，看起來相當狡猾。當地居民發現他時，他正餓得發出低沉的呻吟聲。經過收容所的檢查，小丸表現出對人類的信任，現在正在等待著一個能夠給他關愛的家庭。', '機靈', '面惡心善的灰褐色大狗', '定期驅蟲,疫苗', '曾有眼睛發炎情況，建議定期檢查眼部狀態。', 3, 4, 4, 1, 1, 2, 3, 2, 9),
(10, '橘子', 'PN3183', '貓', 3, '母', '橘', '10.jpg', '橘子曾是一個家庭的寵物，但因為主人搬家而被遺棄。橘子習慣了被人撫摸和愛護，期待著有個新的主人能夠給予他一個穩定的家。', '愛撒嬌', '習慣與人相處的橘貓', '晶片,疫苗,結紮', '曾接受腎功能檢查，結果正常。', 2, 3, 1, 3, 2, 3, 1, 5, 3),
(11, '奶球', 'PN3166', '狗', 7, '母', '橘', '11.jpg', '奶球有著橘色和白色相間的毛色。奶球在冬季被一位不負責任的飼主遺棄在公園。被遺棄的奶球因為飢餓寒冷而躲在草叢中，最後被民眾發現通報。\n奶球在園區適應良好，與其他狗狗相處像兄弟一般親近，儘管之前雪球被拋棄過，但他仍對期待溫暖的家庭生活，等待著有一天有人能夠帶牠走。', '調皮', '調皮愛玩的狗狗', '疫苗,定期驅蟲,結紮,晶片', '曾患過皮膚過敏，經過特殊飲食調理後康復。', 2, 3, 4, 3, 3, 1, 2, 2, 2),
(12, '傑克', 'PN4550', '狗', 3, '公', '白', '12.jpg', '傑克是一隻黑皮白肚的狗狗，被發現在鄉間小路上。他可能是一隻被拋棄的寵物，因為他對陌生人表現出害怕。傑克在收容所中逐漸放下戒心，希望能夠找到一個充滿愛的家。', '頑皮', '活潑好動的白肚狗狗', '疫苗,結紮', '無明顯疾病，建議定期檢查。', 3, 5, 4, 4, 1, 5, 4, 2, 7),
(13, '波波', 'PN9427', '狗', 1, '公', '灰', '13.jpg', '波波是一隻愛玩的狗狗，意外跑進球場後被輾轉送到了收容所，友善又活潑的他通過了測試，在中途之家也有良好的表現，正等待著你帶他回家。', '友善', '友善愛玩的狗狗，特別喜歡運動', '結紮', '曾患過呼吸道感染，經過抗生素治療康復。', 2, 3, 4, 4, 3, 5, 5, 2, 10),
(14, '茉莉', 'PN4770', '狗', 6, '母', '灰', '14.jpg', '茉莉是一隻受傷的流浪狗，被發現時他的一條後腿受了嚴重的傷害。茉莉被送到收容所接受治療，儘管經歷過痛苦，他仍展現出對人類的信任，期待有人能夠給他一個安全的家。', '保護主人', '灰色米克斯狗狗，雖然少了一條後腿但仍具有很忠誠的個性', '結紮', '定期檢查，健康狀態良好。', 3, 2, 1, 3, 3, 4, 3, 4, 5),
(15, '小糖', 'PN5925', '貓', 1, '母', '白', '15.jpg', '小糖是一隻白色的小貓，被發現在公園的樹上。他可能是從家中偷跑出來的寵物，因為他對人的反應相當友好。但是經過了好幾個月仍找不到主人來認領，小糖現在在動物收容所中，期待著一個新的溫暖家庭。', '耐心', '純白的白色小貓，具有耐心又溫柔', '定期驅蟲,晶片,疫苗,結紮', '曾因外傷接受治療，目前康復中。', 1, 1, 2, 2, 1, 5, 4, 1, 5),
(16, '丸子', 'PN4183', '狗', 11, '母', '橘', '16.jpg', '丸子是一隻黃色橘眼的小狗，被發現在商場附近。阿丸被發現時似乎經歷了一段時間的流浪，皮膚多處受傷，經過治療後，阿丸在收容所中表現得活潑可愛，現在渴望有一個永遠的家。', '喜歡社交', '喜愛到處社交的黃色狗狗', '結紮,定期驅蟲,晶片,疫苗', '曾患過輕微消化不良，經過治療康復。', 4, 4, 3, 3, 4, 5, 3, 5, 2),
(17, '棉花', 'PN5732', '貓', 5, '公', '白', '17.jpg', '棉花被發現在車子底下，左後腿受過嚴重輾壓，導致粉碎性的骨折，復原時深受骨釘和長歪的骨頭刺激，棉花發炎好不了。經過收容所的努力下，現在已經是痊癒了，從一開始碰不到地板跳著走路，到現在腳已經能著地，還能全速奔跑呢！棉花個性較內向慢熟，熟悉後就變成愛玩的活潑小男孩，非常可愛！', '喜愛孩子', '親人的白色貓咪，特別喜歡小孩子', '晶片,疫苗', '曾有腸胃不適，已經康復，建議定期檢查腸道健康。', 5, 4, 5, 5, 4, 4, 2, 3, 7),
(18, '阿桃', 'PN7818', '狗', 1, '公', '黑', '18.jpg', '阿桃是一隻大型狗狗，被遺棄在市區的公園裡。阿桃的主人可能無法應付他的體型，於是決定將他拋棄。阿桃在公園中度過了一段孤單的時間，直到被好心的民眾發現。他現在正在一個動物收容所中，期待有一個寬敞的家庭可以接納他。', '需要安靜', '與體型相反，是一隻喜愛安靜的黑色大狗，經常躲在角落。', '疫苗', '體重正常，毛髮光澤，建議保持適量運動。', 2, 2, 3, 5, 3, 1, 5, 4, 3),
(19, '天使', 'PN5670', '貓', 5, '母', '橘', '19.jpg', '天使是一隻灰色的小貓，被發現在公寓大樓的樓梯間。他可能是一隻被拋棄的寵物，因為他對人的依賴心很強。天使貓如其名，不管是待人還是對待其他同伴都表現得很友善，現在在收容所中等待一個能夠給他愛和安全感的家庭。', '喜歡探險', '我行我素的貓咪，擁有敏捷的身手和神秘的眼神。', '定期驅蟲,疫苗,結紮', '精神飽滿，建議提供足夠的玩耍和活動空間。', 2, 4, 4, 5, 1, 4, 1, 3, 4),
(20, '大頭', 'PN7826', '狗', 5, '母', '黑', '20.jpg', '大頭是一隻大型的混種狗，被遺棄在城市的街頭。起初大頭因為不當飼養而具有些微攻擊性，現在的大頭經過順練後，在收容所中表現得非常友好，希望能夠找到一個寬敞的家。', '愛睡覺', '運動完就睡，少根筋的黑色狗狗', '定期驅蟲', '飲食正常，建議控制飲食量以維持適當體重。', 2, 1, 2, 5, 4, 5, 3, 1, 9),
(21, '柚子', 'PN5756', '狗', 8, '母', '橘', '21.jpg', '柚子是一隻橙白相間的小狗，被發現在社區的街頭。他可能是迷路或被遺棄的，因為他顯然對陌生人感到害怕。經過耐心的照顧，柚子在收容所中逐漸展現了他的活潑一面，現在期待著一個安全的家。', '玩具迷', '活潑好動的狗狗，擁有獨特的笑容。', '晶片,結紮', '毛色亮麗，建議定期梳毛防止毛髮打結。', 4, 2, 4, 4, 1, 1, 2, 2, 6),
(22, '露比', 'PN2495', '狗', 3, '公', '橘', '22.jpg', '露比是一隻金毛獵犬混種，於郊區被發現流浪。他可能是被丟棄的寵物，因為他顯然已經受過基本的訓練，對人相當友善。露比在收容所中很快地成為大家的寵兒，現在正在等待一個永遠的家。', '食物愛好者', '友善又愛吃的金毛狗狗', '疫苗,定期驅蟲,晶片,結紮', '曾有口臭情況，已經進行口腔清理，建議定期檢查口腔健康。', 5, 5, 2, 5, 2, 3, 5, 5, 9),
(23, '嘟嘟', 'PN7369', '狗', 1, '公', '黑', '23.jpg', '嘟嘟是一隻黑色的拉布拉多，被遺棄在城市公園裡。他非常友好，對人充滿熱情。經過醫療檢查後，發現小黑非常健康。現在他正在等待一個有愛心的家庭來給他一個幸福的未來。', '敏捷', '熱情敏捷的黑色狗狗', '疫苗,定期驅蟲,結紮', '曾有嘔吐症狀，已經康復，建議留意飲食衛生。', 1, 1, 4, 1, 3, 5, 4, 2, 1),
(24, '寶貝', 'PN3488', '狗', 4, '公', '棕', '24.jpg', '寶貝來收容所之前，已經在動物之家等待領養許久，可惜始終沒有機會進入家庭，可能是因為寶貝有點膽小怕生，讓想領養的人望之卻步。在寶貝低調內向的個性背後，其實看得到他想親近人的渴望。或許是小時候的社會化不足，讓寶貝對環境、聲音都比較敏感一點，對陌生人也會先保持距離，但善良的寶貝從來沒有兇過人或其他狗，是崇尚和平的好狗狗，只是缺少一個懂他的主人。', '聲音敏感', '到新環境需要多一些時間適應，是個善良的黑色狗狗', '結紮,疫苗', '曾有關節炎症狀，已經治癒，建議提供舒適的休息地點。', 4, 4, 1, 2, 3, 1, 5, 1, 5),
(25, '芝麻', 'PN7637', '狗', 7, '公', '棕', '25.jpg', '芝麻原本是生活在山中的流浪狗，也有好心人家固定在餵食。某天被發現身受重傷，原來是踩到山豬吊陷阱...芝麻的右後腳掌也因此截肢了。經過收容所的救援與醫療，原本想要結紮後原放，但覺得芝麻特別親人便留下來嘗試送養。可是中型米克斯加上有殘缺，讓芝麻久久不被看到...芝麻非常撒嬌愛玩，您願意給他一個機會嗎？', '跳躍高手', '少了右前腳的黑灰色相間狗狗，熱衷於運動', '結紮', '體重穩定，建議定期控制飲食，避免肥胖。', 2, 2, 2, 4, 2, 5, 2, 2, 4),
(26, '馬克', 'PN8772', '狗', 8, '公', '黑', '26.jpg', '還不到一歲的馬克，便展現他過人的身材，相信長大後會是高挑的大狗狗。在動物之家，馬克跟他的室友處得不好時常打架，雖然賽拉年輕，但一看就是大型犬又這麼活潑激動，往往嚇走領養人，可能一待就是好幾年了。重新來到收容所後，經過短短幾個禮拜，馬克已經學會基本指令，目前在中途家庭適應生活囉！馬克這麼努力，您願意給他一個機會嗎？', '愛叫', '很愛講話的黑色狗狗', '定期驅蟲', '無特殊症狀，建議定期進行全面身體檢查。', 4, 2, 1, 2, 1, 2, 2, 5, 4),
(27, '阿福', 'PN1721', '狗', 5, '母', '棕', '27.jpg', '阿福是一隻棕色米克斯，被遺棄在郊區的農地中。阿福的一隻前腳受傷，可能是遭受了虐待。經過動物救援人的發現，阿福現在正在接受治療，期待有一位溫暖的主人願意給他一個家。', '怕生', '慢熟怕生的棕色狗狗，喜歡晚上散步', '定期驅蟲,晶片', '曾有牙結石問題，已經進行清理，建議定期檢查口腔健康。', 4, 5, 1, 1, 2, 5, 1, 5, 10),
(28, '蛋糕', 'PN7802', '貓', 6, '母', '橘', '28.jpg', '蛋糕是一隻橘色的加菲貓，有著圓滾滾的身體和慵懶的性格，被人發現在公園流浪多時，進入收容所後，展現了乖巧和安靜的特質。蛋糕現在正在等待一位願意陪伴他晚年的主人。。', '慵懶', '橘色的貓咪，有著圓滾滾的身體和慵懶的性格', '疫苗,結紮,定期驅蟲,晶片', '活動能力強，建議提供豐富的玩具和運動機會。', 3, 3, 5, 4, 3, 3, 1, 3, 6),
(29, '麥克', 'PN4330', '狗', 6, '母', '黑', '29.jpg', '麥克是一隻中型混血狗，被遺棄在農村地區。他在流浪時受了些傷，但在收容所中接受了治療。麥克現在非常活潑，期待能夠找到一個關心他的家庭。', '環境適應力強', '活潑的黑色狗狗，喜歡帶頭到處跑', '結紮,定期驅蟲,晶片', '曾有消化不良，建議採用易於消化的寵物食物。', 2, 3, 3, 4, 3, 1, 2, 3, 9),
(30, '巴迪', 'PN2317', '狗', 5, '母', '灰', '30.jpg', '巴迪是一隻年輕的米克斯狗狗，被發現在城市公園中流浪。他擁有一雙溫柔的眼睛，展現了對人類的信任。巴迪現在在收容所中等待一位願意給他一個機會的主人。', '需要大量運動', '對食物充滿熱情的灰色狗狗，活潑又好動。', '定期驅蟲,結紮,晶片', '曾有過敏反應，建議避免接觸可能引起過敏的物質。', 1, 1, 2, 1, 3, 3, 2, 3, 5),
(31, '寶弟', 'PN5335', '狗', 6, '母', '灰', '31.jpg', '寶弟是一隻受傷的流浪狗，他的故事始於一場風暴。當風雨肆虐時，寶弟在街頭無依無靠，不慎被風吹倒的物品擊中，造成他的前腳受傷。被好心人發現後，寶弟被送到收容所接受治療，期待能夠康復並找到一個安全的家。', '小動物友好', '不管是誰都可以相處得很好，友善的灰色狗狗', '結紮,定期驅蟲,疫苗,晶片', '曾有耳螨感染，已經治癒，建議每月檢查耳朵。', 2, 4, 2, 3, 2, 2, 3, 1, 2),
(32, '瑪比', 'PN5754', '貓', 4, '公', '灰', '32.jpg', '瑪比一隻流浪動物，可能經過一次意外與媽媽分開，被人發現昏倒在樹底下，經過檢查之後發現身體並無大礙，現在正在收容所等待一個適合的家庭。', '獵物本能', '我行我素的灰色虎斑貓，擁有敏捷的身手和神秘的眼神，喜歡追逐獵物', '晶片,結紮,定期驅蟲,疫苗', '健康狀態穩定，建議定期檢查體重變化。', 4, 4, 3, 4, 3, 2, 1, 3, 2),
(33, '妞妞', 'PN1436', '狗', 8, '公', '黑', '33.jpg', '妞妞在動物之家深受照護員喜愛，因為他非常乖巧又愛撒嬌，實在很難想像怎麼有人會遺棄這麼棒的狗狗。進入收容所後，妞妞不負眾望以學霸之姿快速完成了評估與訓練，但在第一個中途家庭發現了妞妞的爭寵問題，讓我們知道妞妞不喜歡過於積極的其他狗。現在蕾拉還在中途實習中，整體來說是非常天使的狗狗，不吵不鬧還會看時機撒嬌，非常粘人但不會讓人感到煩躁，個性溫和陪伴老人小孩都沒問題！', '保持警覺', '聰明的黑色米克斯，擅長捕鼠', '疫苗,晶片,定期驅蟲', '牙齒健康，建議提供適當的咀嚼玩具促進口腔健康。', 3, 1, 1, 4, 4, 3, 3, 5, 10),
(34, '嘟嘟', 'PN2188', '貓', 2, '公', '橘', '34.jpg', '嘟嘟是一隻年幼的貓咪，嘟嘟原本是居民區的寵物，但因為附近發生的工程導致居住環境劇變，嘟嘟受到驚嚇而流浪在外，不慎遭受了一些傷害。嘟嘟習慣撫摸也非常親人，現在在收容所中等待一個溫暖的家。', '喜愛攀爬', '調皮好動的橘色幼貓', '疫苗', '無特殊症狀，建議定期進行全面身體檢查。', 5, 2, 5, 1, 1, 5, 5, 1, 8),
(35, '豆豆', 'PN4263', '貓', 5, '母', '灰', '35.jpg', '豆豆是一隻被遺棄的流浪貓，他的受傷源於人類的不負責任。被遺棄在市區的小巷中，豆豆不幸遭遇了一些攻擊，造成他身上多處受傷。現在在收容所中，豆豆正在努力康復，期待能夠找到一個永遠的家。', '喜歡追逐', '條紋外型的短毛貓，好奇且活潑', '晶片,定期驅蟲', '曾有蚤蟲感染，已經進行治療，建議定期檢查寵物身體狀態。', 2, 2, 3, 4, 2, 3, 1, 3, 1),
(36, '萌萌', 'PN5574', '貓', 8, '公', '橘', '36.jpg', '萌萌是一隻流浪貓，他的受傷源於一場嚴重的風暴。在風暴中，萌萌受到風吹雨淋，導致他感染了一些疾病。被發現後，萌萌被送到收容所進行治療，經過治療復原後，身體變得十分強壯，現在期待能夠找到一個安穩的新家。', '口水多', '口水都會不小心流出來的橘色貪吃貓咪', '晶片', '曾有輕微拉肚子，已經康復，建議留意飲食衛生。', 1, 4, 1, 3, 1, 4, 5, 1, 10),
(37, '小雪', 'PN6056', '狗', 7, '母', '棕', '37.jpg', '小雪是一隻被遺棄的小狗，他的受傷與交通意外有關。在繁忙的街頭流浪時，小雪不慎遭遇了一輛車輛的撞擊，導致他的後腳受傷。現在在收容所中，小雪努力康復，期待能夠找到一個安全的家。', '愛挖洞', '調皮又愛挖洞的棕色狗狗', '晶片,定期驅蟲,結紮,疫苗', '精神狀態良好，建議提供足夠的玩耍和娛樂時間。', 3, 4, 3, 4, 5, 5, 3, 2, 8),
(38, '威威', 'PN6385', '狗', 9, '母', '白', '38.jpg', '威威是一隻流浪的大型狗，威威因為長時間在城市公園流浪，因為環境不潔，導致他的毛皮受到感染。民眾發現後，威威被送到收容所進行治療，期待能夠康復並找到一個潔淨的新家。', '看門狗', '忠誠的白色大型犬', '定期驅蟲,疫苗,結紮,晶片', '曾有耳朵發炎，已經治愈，建議定期檢查耳朵健康。', 1, 2, 1, 1, 2, 1, 3, 1, 5),
(39, '菲菲', 'PN9058', '狗', 1, '公', '黑', '39.jpg', '菲菲是一隻受傷的流浪狗，菲菲曾被不負責任的飼主虐待，導致他身心受創。經過長時間的治療和愛的陪伴，菲菲現在正在收容所中康復，菲菲需要更多的愛與陪伴，菲菲也期待能夠找到一個充滿溫暖的家。', '陪伴型', '很會照顧陪伴主人的黑色狗狗', '結紮,晶片', '曾有關節炎症狀，已經治癒，建議提供舒適的休息地點。', 4, 3, 4, 3, 4, 4, 1, 4, 6),
(40, '阿呆', 'PN7751', '狗', 1, '公', '白', '40.jpg', '阿呆原本是一家人的寵物狗，但隨著主人的遷移，阿呆被遺棄在陌生的城市街頭。他在尋找食物的過程中不慎踩到了玻璃碎片，造成他的腳掌受傷。好心的市民發現了他的困境，立即聯絡動物保護團隊，讓阿呆得以接受急救和治療。現在，阿呆在收容所中等待一位願意給予他愛的新家。', '需要注意力', '愛撒嬌又需要陪伴的白色狗狗', '結紮', '曾因外傷接受治療，目前已康復。', 1, 3, 4, 3, 2, 5, 1, 5, 10),
(41, '阿瓜', 'PN5305', '貓', 6, '公', '黑', '41.jpg', '阿瓜是一隻流浪小貓，阿瓜在街頭流浪時，遇到了一些敵對的動物，導致他受傷。被發現後，阿瓜被送到收容所進行治療，現在期待能夠找到一個安全的新家。', '喜歡撒嬌', '愛撒嬌的小黑貓', '定期驅蟲,結紮,晶片', '曾有耳朵發炎，已經治愈，建議定期檢查耳朵健康。', 4, 1, 1, 5, 2, 3, 3, 5, 9),
(42, '忍者', 'PN9031', '貓', 8, '公', '灰', '42.jpg', '忍者是一隻喜愛攀爬的灰色貓咪，忍者工地附近流浪時，不甚滑落墜落，造成他的後腿受傷。被好心人發現後，忍者被送到收容所進行治療，現在正在努力適應三腳的生活，期待找到一個充滿愛的新家。', '愛高處', '喜愛攀爬的灰色貓咪，少了一隻後腳', '疫苗,晶片,定期驅蟲,結紮', '曾有皮膚敏感情況，建議使用適合的寵物洗毛產品。', 5, 4, 1, 5, 1, 1, 5, 4, 4),
(43, '阿蛋', 'PN1525', '狗', 5, '公', '黑', '43.jpg', '阿蛋是一隻在市區中流浪的狗狗，在一場寒冷的冬天，阿蛋無法找到適當的庇護，導致他患上了寒冷所致的疾病。好心的市民發現阿蛋時，他已經虛弱不堪。被送到收容所後，阿蛋現在已經完全復原，期待能夠找到一個有溫暖的新家。', '愛吃零食', '活潑愛吃的黑色狗狗', '疫苗,定期驅蟲,結紮', '曾有眼睛發炎情況，建議定期檢查眼部狀態。', 1, 4, 1, 1, 3, 5, 5, 4, 4),
(44, '小豆', 'PN8714', '貓', 4, '母', '橘', '44.jpg', '小豆是一隻受傷的流浪貓，他的故事與人類的不當飼養有關。小豆原本是一家人的寵物，但因為主人的不負責任行為，他被遺棄在街頭。在流浪時，小豆遭受了一些傷害，包括被其他狗狗咬傷。現在在收容所中，小豆正在接受治療，期待找到一個真正愛護他的家。', '愛照鏡子', '愛美的橘色貓咪', '晶片,定期驅蟲,結紮', '曾有輕微感冒症狀，已完全康復，建議保持溫暖和休息。', 2, 2, 1, 2, 1, 4, 3, 2, 4),
(45, '阿露', 'PN8270', '貓', 7, '公', '橘', '45.jpg', '阿露是一隻受傷的流浪貓，阿露在城市中漫遊時，不慎遭遇了一輛車輛的撞擊，造成他的前腳受傷。被發現後，小虎被送到收容所進行治療，雖然少了幾個腳趾，但仍展現活潑的特質，期待找到一個安全的新家。', '夜行性', '少了腳趾但仍然活潑的白色貓咪', '疫苗,結紮,定期驅蟲', '曾有消化不良，建議採用易於消化的寵物食物。', 3, 2, 1, 2, 5, 5, 2, 3, 7),
(46, '小星', 'PN4425', '狗', 11, '母', '黑', '46.jpg', '小星是一隻在市區中流浪的小狗，他的受傷源於一次溺水事故。在尋找食物的過程中，小星不慎掉進了市區的水溝中，被發現時他已經全身濕透。好心人將小星救出送到收容所，現在正在接受治療，期待找到一個充滿愛的新家。', '愛躺在陽光下', '看起來有些懶惰的黑色狗狗', '晶片', '曾有過敏反應，建議避免接觸可能引起過敏的物質。', 3, 1, 1, 1, 2, 3, 4, 2, 9),
(47, '阿姆', 'PN8866', '狗', 6, '公', '棕', '47.jpg', '阿姆被主人惡意遺棄，導致阿姆在街頭流浪時，遇到了一些敵對的動物而受傷。被發現後，阿姆被送到收容所進行治療，現在期待找到一個充滿愛的新家。', '對陌生人友好', '對第一次見面的陌生人都能展現親和力的棕色狗狗', '定期驅蟲,結紮,疫苗,晶片', '曾有耳螨感染，已經治癒，建議每月檢查耳朵。', 4, 4, 3, 4, 4, 1, 1, 2, 3),
(48, '蕾蕾', 'PN3062', '貓', 5, '公', '白', '48.jpg', '蕾蕾被主人不當飼養及攻擊，當地的動保志願者得知情況後，立即展開救援行動。他們花了好幾天的時間，在狹窄的巷弄中找到了蕾蕾。儘管害怕且飢餓，蕾蕾的眼中充滿了對人類的渴望和信任。志願者們將蕾蕾帶到動物收容所，開始進行緊急的醫療治療和營養補充。蕾蕾逐漸康復，現在正在等你帶他回家。', '訓練有素', '被遺棄後仍展現驚人韌性，乖巧又親人', '疫苗 晶片', '健康狀態穩定，建議定期檢查體重變化。', 1, 1, 4, 3, 5, 4, 5, 2, 3),
(49, '小蛋', 'PN1059', '狗', 10, '母', '棕', '49.jpg', '小蛋原本是一個家庭的寵物，但不幸地被遺棄在街頭。小蛋感到孤單和害怕，這是他第一次離開家，不再有人陪伴。有一天他自己跑進了收容所，像是在告訴照顧員他想要一個新的家，小蛋一直期待找到一個充滿愛的新家。', '喜歡音樂', '可愛的大狗狗，特別喜歡聽音樂', '晶片,定期驅蟲', '曾有消化不良，建議採用易於消化的寵物食物。', 1, 1, 1, 4, 2, 3, 2, 1, 9),
(50, '棠棠', 'PN5306', '貓', 12, '公', '橘', '50.jpg', '棠棠因為長期生活在不良環境，導致他身上感染了一些皮膚病。被好心民眾發現後，棠棠被送到收容所進行治療，雖然皮膚病很難根治，但棠棠正在展現韌性，努力康復。', '易緊張', '需要安靜的橘色米克斯，喜歡窩在書本旁邊', '結紮', '無異常發現，建議保持正常飲食和運動。', 4, 4, 2, 4, 2, 5, 5, 1, 10);

-- --------------------------------------------------------

--
-- 資料表結構 `pet_like`
--

CREATE TABLE `pet_like` (
  `pet_like_id` int NOT NULL,
  `fk_pet_id` int NOT NULL,
  `fk_member_id` int NOT NULL
) ENGINE=InnoDB DEFAULT CHARSET=utf8mb4 COLLATE=utf8mb4_0900_ai_ci;

--
-- 傾印資料表的資料 `pet_like`
--

INSERT INTO `pet_like` (`pet_like_id`, `fk_pet_id`, `fk_member_id`) VALUES
(8, 48, 155),
(23, 10, 155),
(27, 28, 155),
(28, 44, 155),
(40, 25, 155),
(59, 9, 155),
(65, 50, 193),
(66, 47, 193),
(68, 47, 155),
(74, 50, 192),
(75, 49, 192),
(76, 48, 193),
(77, 49, 193),
(78, 46, 193),
(79, 45, 193),
(80, 44, 193),
(81, 43, 193);

-- --------------------------------------------------------

--
-- 資料表結構 `products`
--

CREATE TABLE `products` (
  `products_id` int NOT NULL,
  `product_name` varchar(100) CHARACTER SET utf8mb4 COLLATE utf8mb4_general_ci NOT NULL,
  `product_type` varchar(100) CHARACTER SET utf8mb4 COLLATE utf8mb4_0900_ai_ci NOT NULL,
  `product_picture` varchar(100) NOT NULL,
  `product_class` varchar(100) NOT NULL,
  `product_simple_desc` varchar(100) NOT NULL,
  `product_desc` varchar(255) NOT NULL,
  `product_price` int NOT NULL,
  `product_stock` varchar(255) NOT NULL,
  `product_nop` int NOT NULL
) ENGINE=InnoDB DEFAULT CHARSET=utf8mb4 COLLATE=utf8mb4_0900_ai_ci;

--
-- 傾印資料表的資料 `products`
--

INSERT INTO `products` (`products_id`, `product_name`, `product_type`, `product_picture`, `product_class`, `product_simple_desc`, `product_desc`, `product_price`, `product_stock`, `product_nop`) VALUES
(1, '鮮食餐包', 'dog', 'p1-1.webp,p1-2.webp,p1-3.webp,p1-4.webp', 'Non food', '紐泥斯 CARE+ 狗用餐包 膠原蛋白機能鮮食餐包  (多種口味)', '淨重200克，美味雞肉配方，富含營養，適合各種大小的寵物。', 80, '106', 0),
(2, '肉泥', 'cat', 'p53.png,p54.jpg', 'Non food', '紐泥斯 CARE+ 貓用零食 天然營養蔬果肉泥  (多種口味)', '淨重100克，天然牛肉肉泥，口感鮮嫩，寵物最愛的美味佳餚。', 65, '28', 0),
(3, '舒壓薄荷球', 'cat', 'p58.jpg', 'Non food', 'Hypaki 寵物友善 貓薄荷點心零食  (多種口味)', '容量120毫升，特製薰衣草精油，能有效緩解寵物的焦慮情緒，讓牠們感受到舒適。', 380, '66', 15),
(4, '驅蚊噴霧', 'dog', 'p62.webp', 'Daily necessities', 'Hypaki 寵物友善 真正薰衣草 天然驅蚊噴霧', '容量150毫升，含有檸檬香茅和尤加利精油，有效驅趕蚊蟲，保護寵物免受蟲害侵擾。', 520, '113', 0),
(5, '貓砂', 'cat', 'p30.jpg,', 'Daily necessities', 'Moooo 莫卡卡 混合貓砂 三合一活性碳版 (豆腐砂+礦砂)', '中等顆粒大小，無塵結塊型貓砂，吸收力強，有效控制異味，為貓咪提供清潔衛生的上厠體驗。', 560, '85', 0),
(6, '寵物背包', 'dog', 'p78.webp', 'Daily necessities', 'Moooo 莫卡卡 寵物拓展背包 - 臨時寵物外出旅行小住所', '尺寸35厘米 x 30厘米 x 25厘米，最大承重5公斤，可讓您輕鬆帶著寵物外出旅行。', 899, '125', 0),
(7, '關節保健品', 'dog', 'p47.jpg,p48.jpg', 'Healthy Food', 'Aki 寵物保健品 - 關節超好 (葡萄糖胺和軟骨素)', '60片裝，含葡萄糖胺和軟骨素，有助於維護寵物關節健康，減輕關節疼痛。', 550, '10', 13),
(8, '貓砂盆', 'cat', 'p36.webp,p35.png', 'Daily necessities', '大型開放式貓砂盆搭配控砂台 (三種顏色)', '尺寸45厘米 x 35厘米 x 15厘米，採用耐用的塑料材質，設計合理，易於清潔。', 899, '92', 0),
(9, '貓砂', 'cat', 'p32.png', 'Daily necessities', 'Hypaki 豆腐貓砂 原味款 (咖啡豆腐砂+礦砂)', '中等顆粒大小，無塵結塊型貓砂，吸收力強，有效控制異味，為貓咪提供清潔衛生的上厠體驗。', 520, '66', 0),
(10, '貓抓板', 'cat', 'p86.jpg,p89.jpg,p88.jpg', 'Toy', '秋卡  瓦楞抓板系列-聯名貓抓盒 - 皮卡版', '尺寸40厘米 x 20厘米，採用環保紙板製成，耐用而結實，是貓咪的健康玩具。', 320, '140', 27),
(11, '牽繩', 'dog', 'p18.jpg,p19.webp,p20.jpg', 'Daily necessities', '三合一貓用牽繩 - 組合款/訓練使用 (四種顏色) ', '長度1.5米，材質尼龍，牢固耐用，適合遛狗和寵物訓練使用。', 410, '11', 0),
(12, '貓抓板', 'cat', 'p86.jpg', 'Toy', '皮泥斯 瓦楞抓板系列-聯名貓抓盒 - 小貓咪款', ' 尺寸30厘米 x 30厘米，採用天然麻繩和木材，有助於磨爪，保持貓咪的爪子健康。', 890, '147', 0),
(13, '湯罐', 'cat', 'p5.png,p6.png,p1-4.webp', 'Non food', '無膠慢燉純湯貓罐 - 低敏配方 海魚藍莓 (多種口味) ', '淨重80克，美味湯湯，添加天然肉塊，是貓咪的美食享受。', 210, '12', 0),
(14, '貓砂', 'cat', 'p28.jpg', 'Daily necessities', 'Moooo 莫卡卡 巨型開放式貓砂盆搭配控砂台 (多色)', '尺寸45厘米 x 35厘米 x 15厘米，採用耐用的塑料材質，設計合理，易於清潔。', 300, '129', 0),
(15, '外出箱', 'cat', 'p77.webp', 'Daily necessities', '新風寵物外出箱 - 臨時寵物外出旅行小住所', ' 尺寸50厘米 x 40厘米 x 35厘米，採用堅固的塑料材質，通風透氣，可供寵物舒適安全地休息。', 500, '64', 0),
(16, '貓抓板', 'cat', 'p11.png', 'Toy', '秋卡 拼圖貓抓板 - 聯名寵物睡窩 ( 黑白拼接)', '尺寸35厘米 x 25厘米，採用天然草繩和木材，經久耐用，是貓咪的理想玩具。', 850, '63', 0),
(17, '寵物背包', 'dog', 'p79.webp,p80.webp,p82.jpg', 'Daily necessities', 'Nini 寵物背包 - 臨時寵物外出旅行小住所', '尺寸40厘米 x 35厘米 x 25厘米，最大承重8公斤，適合中小型寵物的外出旅行。', 700, '137', 0),
(18, '貓砂盆', 'cat', 'p38.jpeg,p39.jpeg', 'Daily necessities', '大型開放式貓砂盆搭配貓砂盆控砂台 (多色)', '尺寸40厘米 x 30厘米 x 15厘米，可拆卸式設計，易於清潔，為貓咪提供乾淨衛生的上厠環境。\r\n\r\n商品名： 貓糧', 900, '2', 0),
(19, '貓糧', 'cat', 'p22.webp', 'Staple food', '無穀低敏配方頂級貓用凍乾糧 - 魚肉 X 雞肉', '1.5公斤，含有海魚和藍莓，適合貓咪的低敏需求。', 200, '98', 0),
(20, '貓抓柱', 'cat', 'p14.png', 'Toy', 'Roni 魔幻貓抓板 - 聯名款歐風希臘三立柱', '尺寸30厘米 x 30厘米，獨特三立柱設計，提供寵物抓挠娛樂。', 250, '15', 0),
(21, '陶瓷飲水機', 'dog', 'p72.jpg,p73.jpg,p74.jpg', 'Daily necessities', 'Nini 喝不停 AkiLux 寵物智能陶瓷飲水機', ' 容量2升，智能感應開關，陶瓷材質，保持水源清潔衛生。', 430, '26', 0),
(22, '貓砂', 'cat', 'p31.jpg', 'Daily necessities', '混合貓砂 咖啡版 (咖啡豆腐砂+礦砂)', '5公斤，咖啡豆腐砂與礦砂混合，有效吸收異味，保持貓砂清潔。', 400, '114', 0),
(23, '貓糧', 'cat', 'p25.png,p26.jpg', 'Staple food', '泥穀健康配方貓糧 - 室內貓 非籠養雞 X 海魚', '2.5公斤，室內貓專用，含非籠養雞肉和海魚，營養均衡。', 510, '123', 25),
(25, '貓抓板', 'cat', 'p14.png', 'Toy', '單面L型聯名款港式風格貓抓板 (兩色)', '尺寸30厘米 x 20厘米，環保紙板製成，提供單面抓挠。', 170, '118', 0),
(26, '貓用零食', 'cat', 'p55.png', 'Non food', '優泥 鮮肉佐餐凍乾貓用零食 (多種口味)', '重量50克，多種口味，含豐富的新鮮肉塊，讓貓咪愛不釋手。', 89, '123', 0),
(27, '睡窩', 'cat', 'p83.jpg,p84.jpg,p85.jpg', 'Daily necessities', '泥卡 X 皮尼斯 聯名寵物睡窩 - 毛怪好可愛', '尺寸50x40厘米，毛怪設計，柔軟舒適，為寵物提供安心睡眠。', 999, '1', 0),
(28, '貓糧', 'cat', 'p23.jpg', 'Staple food', '紐泥斯 CARE+ 頂級無穀處方貓糧 - 泌尿道', '重量2公斤，特別為泌尿道健康設計，富含營養。', 699, '79', 0),
(29, '貓糧', 'cat', 'p22.webp', 'Staple food', '紐泥斯 CARE+ 頂級無穀處方貓糧 - 體重控制', '重量1.5公斤，幫助控制體重，提供均衡營養。', 520, '140', 0),
(30, '寵物背包', 'dog', 'p77.webp', 'Daily necessities', 'AKI 寵物外出包 外出旅行小住所 - 校園巴士款', '尺寸40x30厘米，校園巴士造型，可容納小型寵物，方便外出。', 580, '140', 0),
(31, '貓糧', 'cat', 'p26.jpg,p25.png', 'Non food', '紐泥斯 SUBZERO 黑鑽頂級無穀貓用凍乾糧 - 牛肉 X 羊肉', '重量1公斤，頂級無穀貓糧，特別添加牛肉和羊肉。', 450, '124', 0),
(32, '主食罐', 'cat', 'p4.jpg,p3.jpg', 'Staple food', 'Roni 肉泥大王 - 無敵貓用主食罐 (多種口味)', '重量80克，多種口味可選，含豐富蛋白質，讓貓咪享受美味。', 260, '107', 0),
(34, '睡窩', 'dog', 'p83.jpg,p84.jpg,p85.jpg', 'Daily necessities', 'SOFTAKI 蘇法克 造型寵物窩 - 夾心餅乾', '尺寸50x40厘米，夾心餅乾造型，柔軟舒適，適合中小型寵物。', 589, '128', 0),
(35, '聲玩具', 'cat', 'p40.jpg,', 'Toy', 'Moooo 莫卡卡 造型聲玩具 - 海底布魯蝦', '造型聲玩具 - 布魯蝦：可愛布魯蝦造型，尺寸適中，發出搖晃聲，激發貓咪的玩耍興趣。', 259, '45', 0),
(36, '貓抓板', 'cat', 'p9.webp', 'Toy', 'Moooo 莫卡卡 瓦楞紙貓抓板 - 水豚方方', '瓦楞紙貓抓板 - 水豚方方：水豚方方造型，瓦楞紙材質，提供抓挠樂趣，保護傢俱不受損傷。', 540, '120', 12),
(37, '貓糧', 'cat', 'p27.jpg', 'Staple food', 'CARE+  天然低敏凍乾貓用主食餐 (多種口味)', '天然低敏凍乾貓用主食餐 (多種口味)：天然低敏成分，多種口味，富含營養，易於消化。', 589, '125', 0),
(38, '速淨乾洗慕斯', 'dog', 'p61.jpg', 'Daily necessities', 'CARE+  天然草本速淨乾洗系列 - 慕斯 小蒼蘭', '天然草本速淨乾洗系列 - 慕斯 小蒼蘭：小蒼蘭慕斯，天然草本成分，快速淨化毛髮，清新芳香。', 329, '31', 0),
(39, '免疫保健品', 'dog', 'p49.webp,p50.webp', 'Healthy Food', 'Hypaki 寵物保健品 - 免疫超好 (多種口味)', 'Hypaki 寵物保健品 - 免疫超好：強化免疫力，提升健康狀態，天然成分，安全可靠。', 200, '108', 0),
(40, '速淨乾洗噴霧', 'dog', 'p64.jpg', 'Daily necessities', 'CARE+ 天然草本速淨乾洗系列 - 噴霧 (兩款)', '天然草本速淨乾洗系列 - 噴霧 (兩款)：兩款香味選擇，天然草本配方，輕鬆去除異味，保持寵物清潔。', 258, '66', 0),
(41, '主食罐', 'cat', 'p7.png', 'Staple food', 'BeeEater 超棉肉泥無敵貓用主食罐 (多種口味)', '超棉肉泥無敵貓用主食罐 (多種口味)：多種口味選擇，肉泥質地，軟滑易咀嚼，營養豐富。', 210, '47', 0),
(42, '貓糧', 'cat', 'p24.webp', 'Non food', 'BeeEater 蜂之糧無穀貓糧 – 田野雙雞 (泌尿道)', '蜂之糧無穀貓糧 – 田野雙雞 (泌尿道)：泌尿道護理配方，無穀物添加，蘊含雙雞肉源，促進泌尿系統健康。', 780, '61', 0),
(43, '主食罐', 'cat', 'p1.webp,p2.webp', 'Staple food', 'Eater+ 吃吃 肉絲機能主食罐 (多種口味)', '吃吃 肉絲機能主食罐 (多種口味)：多種口味可選，機能主食，美味多樣，營養均衡。', 259, '105', 0),
(44, '貓糧', 'cat', 'p22.webp', 'Non food', 'MireTop 泥點 無穀配方貓糧 - (雞肉口味)', '泥點 無穀配方貓糧 – 雞肉：無穀物配方，高品質雞肉成分，易吸收利用，維持健康體態。', 250, '63', 0),
(45, '寵用指甲剪', 'dog', 'p16.jpg,p15.jpg', 'Daily necessities', 'SOFTAKI 蘇法克 寵物指甲剪 - (兩款)', '舒適設計，精準修剪，適用於各種寵物，保持寵物指甲健康和整潔，方便快捷的美容工具。', 599, '121', 0),
(47, '主食罐', 'dog', 'p8.webp,p5.png,p6.png', 'Staple food', 'Eater+ 吃吃 肉泥機能貓用主食罐 (多種口味)', '吃吃 肉泥機能貓用主食罐 (多種口味)：多種口味選擇，肉泥質地，融合營養功能，提供完整營養。', 200, '39', 0),
(48, '肉泥', 'cat', 'p54.jpg', 'Non food', 'Eater+ 吃吃 蜂王胎高蛋白肉泥條 (多種口味)', '吃吃 蜂王胎高蛋白肉泥條 (多種口味)：多種口味可選，高蛋白肉泥條，美味可口，健康營養。', 65, '3', 0),
(49, '肉球救贖膏', 'dog', 'p90.jpg,97.webp', 'Healthy Food', 'CARE+ 居家保養護理系列 - 肉球救贖膏 (薰衣草)', '居家保養護理系列 - 肉球救贖膏 (薰衣草)：薰衣草香味，保濕滋潤，修護肉球，維護寵物足部健康。', 1200, '52', 0),
(50, '針梳', 'dog', 'p68.jpg,p67.jpg,p66.jpg', 'Daily necessities', 'SOFTAKI 蘇法克 寵用針梳 -犬貓可用 (兩色)', 'SOFTAKI 小肥啾鉤梳 (兩色)：小巧便攜，兩色可選，柔軟鉤梳，適用於貓咪和小型犬隻。', 699, '61', 0),
(51, '億菌排毛粉', 'dog', 'p91.jpg,p92.webp,p93.webp', 'Healthy Food', '倍力BLUE BAY排毛粉 50克(貓狗保健用品)', '成分:洋車前子、菊苣纖維、大豆發酵胜肽、 蔬果酵素益生菌、柴魚粉、天然地瓜磨粉、DigeZyme綜合酵素(澱粉酶、乳糖酶、脂肪酶、纖維酶、中蛋白酶)', 299, '52', 0);

-- --------------------------------------------------------

--
-- 資料表結構 `product_likes`
--

CREATE TABLE `product_likes` (
  `product_like_id` int NOT NULL,
  `fk_product_id` int NOT NULL,
  `fk_member_id` int NOT NULL,
  `created_at` timestamp NOT NULL
) ENGINE=InnoDB DEFAULT CHARSET=utf8mb4 COLLATE=utf8mb4_0900_ai_ci;

--
-- 傾印資料表的資料 `product_likes`
--

INSERT INTO `product_likes` (`product_like_id`, `fk_product_id`, `fk_member_id`, `created_at`) VALUES
(1, 1, 155, '2024-04-29 05:30:59'),
(2, 2, 155, '2024-04-30 09:46:02'),
(3, 3, 155, '2024-04-30 09:46:03'),
(4, 4, 155, '2024-04-30 09:46:04'),
(5, 5, 155, '2024-04-30 09:46:05'),
(6, 6, 155, '2024-04-30 09:46:06'),
(7, 7, 155, '2024-04-30 09:46:07'),
(8, 8, 155, '2024-04-30 09:46:07'),
(9, 9, 155, '2024-04-30 09:46:12'),
(10, 10, 155, '2024-04-30 09:46:13'),
(11, 11, 155, '2024-04-30 09:46:13'),
(12, 12, 155, '2024-04-30 09:46:14'),
(13, 13, 155, '2024-04-30 09:46:15'),
(14, 14, 155, '2024-04-30 09:46:16'),
(19, 1, 193, '2024-05-12 05:28:41'),
(20, 2, 193, '2024-05-12 05:28:42'),
(21, 8, 193, '2024-05-12 05:28:44'),
(22, 7, 193, '2024-05-12 05:28:45');

-- --------------------------------------------------------

--
-- 資料表結構 `sessions`
--

CREATE TABLE `sessions` (
  `session_id` varchar(128) CHARACTER SET utf8mb4 COLLATE utf8mb4_bin NOT NULL,
  `expires` int UNSIGNED NOT NULL,
  `data` mediumtext CHARACTER SET utf8mb4 COLLATE utf8mb4_bin
) ENGINE=InnoDB DEFAULT CHARSET=utf8mb4 COLLATE=utf8mb4_general_ci;

-- --------------------------------------------------------

--
-- 資料表結構 `shelter_info`
--

CREATE TABLE `shelter_info` (
  `shelter_id` int NOT NULL,
  `shelter_name` varchar(255) NOT NULL,
  `shelter_address` varchar(255) NOT NULL,
  `shelter_number` varchar(255) NOT NULL,
  `shelter_link` varchar(255) NOT NULL,
  `shelter_contact_person` varchar(255) NOT NULL,
  `shelter_phone` varchar(255) NOT NULL,
  `map_iframe` text NOT NULL
) ENGINE=InnoDB DEFAULT CHARSET=utf8mb3;

--
-- 傾印資料表的資料 `shelter_info`
--

INSERT INTO `shelter_info` (`shelter_id`, `shelter_name`, `shelter_address`, `shelter_number`, `shelter_link`, `shelter_contact_person`, `shelter_phone`, `map_iframe`) VALUES
(1, '新北市板橋區公立動物之家', '新北市,板橋區板城路28-1號', 'SN50', 'https://www.facebook.com/NTPCBanqiao/', '林怡萱', '0289662158', 'https://www.google.com/maps/embed?pb=!1m14!1m8!1m3!1d14456.891480293783!2d121.603348!3d25.0604342!3m2!1i1024!2i768!4f13.1!3m3!1m2!1s0x3442aca17b1bb197%3A0x5bb32ef0b85dc32f!2z5Y-w5YyX5biC5YuV54mp5LmL5a62!5e0!3m2!1szh-TW!2stw!4v1712737455134!5m2!1szh-TW!2stw'),
(2, '新竹縣動物保護教育園區', '新竹縣,竹北市縣政五街192號', 'SN63', 'https://www.pet.gov.tw/AnimalApp/AnnounceMent_Announce.aspx', '陳慧穎', '035519548', 'https://www.google.com/maps/embed?pb=!1m14!1m8!1m3!1d226.31467629887837!2d121.015023910622!3d24.828482787336426!3m2!1i1024!2i768!4f13.1!3m3!1m2!1s0x346836ec159effef%3A0x779bfdb49f262544!2z5paw56u557ij5YuV54mp5L-d6K235pWZ6IKy5ZyS5Y2A!5e0!3m2!1szh-TW!2stw!4v1713167701259!5m2!1szh-TW!2stw'),
(3, '雲林縣流浪動物收容所', '雲林縣,斗六市雲林路二段517號', 'SN89', 'https://livestock.yunlin.gov.tw/News.aspx?n=910&sms=9439', '李瑩華', '055523300', 'https://www.google.com/maps/embed?pb=!1m18!1m12!1m3!1d3653.3752753104286!2d120.52118068575608!3d23.69828913588507!2m3!1f0!2f0!3f0!3m2!1i1024!2i768!4f13.1!3m3!1m2!1s0x346eb790ed8781ab%3A0x362bd615e8975991!2z6Zuy5p6X57ij5rWB5rWq5YuV54mp5pS25a655omA!5e0!3m2!1szh-TW!2stw!4v1712749437853!5m2!1szh-TW!2stw'),
(4, '基隆市寵物銀行', '基隆市,七堵區大華三路45-12號(欣欣安樂園旁)', 'SN48', 'https://www.klaphio.klcg.gov.tw/tw/klaphio/1328.html', '王亦明', '0224560148', 'https://www.google.com/maps/embed?pb=!1m14!1m8!1m3!1d14448.664366922034!2d121.7480708!3d25.130075!3m2!1i1024!2i768!4f13.1!3m3!1m2!1s0x345d4e38b5570fa7%3A0x9fb367cb913784a9!2z5Z-66ZqG5biC5YuV54mp5L-d6K236Ziy55ar5omA!5e0!3m2!1szh-TW!2stw!4v1713581192739!5m2!1szh-TW!2stw'),
(5, '臺東縣動物收容中心', '臺東縣,臺東市中華路4段999巷600號', 'SN80', 'https://sites.google.com/jbps.ttct.edu.tw/ttadcc-t1', '黃君成', '089362011', 'https://www.google.com/maps/embed?pb=!1m18!1m12!1m3!1d29436.567347224747!2d121.08918381442484!3d22.744184458329016!2m3!1f0!2f0!3f0!3m2!1i1024!2i768!4f13.1!3m3!1m2!1s0x346fb814c871a059%3A0x478be79883a37aac!2z6Ie65p2x57ij5rWB5rWq5YuV54mp5pS25a655Lit5b-D!5e0!3m2!1szh-TW!2stw!4v1712749392470!5m2!1szh-TW!2stw'),
(6, '宜蘭縣流浪動物中途之家', '宜蘭縣,五結鄉成興村利寶路60號', 'SN78', 'https://www.facebook.com/shelteranimal/?locale=zh_TW', '楊仕傑', '039602350', 'https://www.google.com/maps/embed?pb=!1m18!1m12!1m3!1d3625.7379973275793!2d121.82903537594775!3d24.66714515296465!2m3!1f0!2f0!3f0!3m2!1i1024!2i768!4f13.1!3m3!1m2!1s0x3467ef4ad1a2642f%3A0x971efb12e66ca721!2z5a6c6Jit57ij5rWB5rWq5YuV54mp5Lit6YCU5LmL5a62!5e0!3m2!1szh-TW!2stw!4v1712749415487!5m2!1szh-TW!2stw'),
(7, '高雄市壽山動物保護教育園區', '高雄市,鼓山區萬壽路350號', 'SN75', 'https://livestock.kcg.gov.tw/', '蔡建仁', '075519059', 'https://www.google.com/maps/embed?pb=!1m18!1m12!1m3!1d1868785.0363373244!2d119.33356900296397!3d23.81963828235158!2m3!1f0!2f0!3f0!3m2!1i1024!2i768!4f13.1!3m3!1m2!1s0x346e046b8890aa7b%3A0x9cda03a24f659bf2!2z6auY6ZuE5biC5YuV54mp5L-d6K235pWZ6IKy5ZyS5Y2A!5e0!3m2!1szh-TW!2stw!4v1712749363165!5m2!1szh-TW!2stw'),
(8, '桃園市動物保護教育園區', '桃園市,新屋區永興里3鄰藻礁路1668號', 'SN61', 'https://taw.tycg.gov.tw/', '黃霈', '034861760', 'https://www.google.com/maps/embed?pb=!1m18!1m12!1m3!1d115713.50242144309!2d121.09136340438997!3d24.998520542252315!2m3!1f0!2f0!3f0!3m2!1i1024!2i768!4f13.1!3m3!1m2!1s0x34682edc31fc5a3b%3A0xc28f9a6341de1e6f!2z5qGD5ZyS5biC5YuV54mp5L-d6K235pWZ6IKy5ZyS5Y2A!5e0!3m2!1szh-TW!2stw!4v1712749332551!5m2!1szh-TW!2stw'),
(9, '南投縣公立動物收容所', '南投縣,南投市嶺興路36-1號', 'SN70', 'https://www.facebook.com/nantou.animal.protect/?locale=zh_TW', '吳天瑞', '0492225440', 'https://www.google.com/maps/embed?pb=!1m14!1m8!1m3!1d14590.165464321277!2d120.669823!3d23.9058767!3m2!1i1024!2i768!4f13.1!3m3!1m2!1s0x3469322a4a4115a5%3A0x1207480eb5c9657b!2z5Y2X5oqV57ij5YWs56uL5YuV54mp5pS25a655omA!5e0!3m2!1szh-TW!2stw!4v1712749306733!5m2!1szh-TW!2stw'),
(10, '高雄市燕巢動物保護關愛園區', '高雄市,燕巢區師大路98號', 'SN76', 'https://www.facebook.com/pages/%E7%87%95%E5%B7%A2%E5%8B%95%E7%89%A9%E6%94%B6%E5%AE%B9%E6%89%80/484873201537746', '侯子辰', '076051002', 'https://www.google.com/maps/embed?pb=!1m14!1m8!1m3!1d14713.055873612819!2d120.4046631!3d22.7926808!3m2!1i1024!2i768!4f13.1!3m3!1m2!1s0x346e13b97ce92447%3A0xe36bfe1dd9e72a23!2z6auY6ZuE5biC54eV5bei5YuV54mp5L-d6K236Zec5oSb5ZyS5Y2A!5e0!3m2!1szh-TW!2stw!4v1712749875698!5m2!1szh-TW!2stw');

-- --------------------------------------------------------

--
-- 資料表結構 `shopping_cart`
--

CREATE TABLE `shopping_cart` (
  `cart_item_id` int NOT NULL,
  `fk_member_id` int NOT NULL,
  `fk_product_id` int NOT NULL,
  `cart_item_quantity` int NOT NULL,
  `added_time` timestamp NULL DEFAULT NULL,
  `updated_time` timestamp NULL DEFAULT NULL
) ENGINE=InnoDB DEFAULT CHARSET=utf8mb4 COLLATE=utf8mb4_0900_ai_ci;

--
-- 傾印資料表的資料 `shopping_cart`
--

INSERT INTO `shopping_cart` (`cart_item_id`, `fk_member_id`, `fk_product_id`, `cart_item_quantity`, `added_time`, `updated_time`) VALUES
(1, 22, 1, 1, '2021-09-01 02:00:00', '2021-09-01 02:00:00'),
(2, 3, 2, 1, '2021-09-04 00:15:00', '2021-09-04 00:20:00'),
(3, 4, 3, 1, '2021-09-04 23:30:00', '2021-09-04 23:35:00'),
(4, 2, 4, 1, '2021-09-03 01:20:00', '2021-09-03 01:25:00'),
(5, 7, 5, 1, '2021-09-02 03:30:00', '2021-09-02 03:30:00'),
(6, 5, 6, 1, '2021-09-05 22:45:00', '2021-09-05 22:50:00'),
(7, 6, 7, 1, '2021-09-07 04:10:00', '2021-09-07 04:15:00');

--
-- 已傾印資料表的索引
--

--
-- 資料表索引 `coupon`
--
ALTER TABLE `coupon`
  ADD PRIMARY KEY (`coupon_id`);

--
-- 資料表索引 `have_coupon`
--
ALTER TABLE `have_coupon`
  ADD PRIMARY KEY (`have_coupon_id`);

--
-- 資料表索引 `hospital`
--
ALTER TABLE `hospital`
  ADD PRIMARY KEY (`hospital_id`);

--
-- 資料表索引 `insurance`
--
ALTER TABLE `insurance`
  ADD PRIMARY KEY (`insurance_product_id`);

--
-- 資料表索引 `members`
--
ALTER TABLE `members`
  ADD PRIMARY KEY (`MemberID`),
  ADD UNIQUE KEY `Email` (`Email`);

--
-- 資料表索引 `orders`
--
ALTER TABLE `orders`
  ADD PRIMARY KEY (`orders_id`);

--
-- 資料表索引 `orders_detail`
--
ALTER TABLE `orders_detail`
  ADD PRIMARY KEY (`orders_detail_id`);

--
-- 資料表索引 `pet_info`
--
ALTER TABLE `pet_info`
  ADD PRIMARY KEY (`pet_id`);

--
-- 資料表索引 `pet_like`
--
ALTER TABLE `pet_like`
  ADD PRIMARY KEY (`pet_like_id`);

--
-- 資料表索引 `products`
--
ALTER TABLE `products`
  ADD PRIMARY KEY (`products_id`);

--
-- 資料表索引 `product_likes`
--
ALTER TABLE `product_likes`
  ADD PRIMARY KEY (`product_like_id`);

--
-- 資料表索引 `sessions`
--
ALTER TABLE `sessions`
  ADD PRIMARY KEY (`session_id`);

--
-- 資料表索引 `shelter_info`
--
ALTER TABLE `shelter_info`
  ADD PRIMARY KEY (`shelter_id`);

--
-- 資料表索引 `shopping_cart`
--
ALTER TABLE `shopping_cart`
  ADD PRIMARY KEY (`cart_item_id`);

--
-- 在傾印的資料表使用自動遞增(AUTO_INCREMENT)
--

--
-- 使用資料表自動遞增(AUTO_INCREMENT) `coupon`
--
ALTER TABLE `coupon`
  MODIFY `coupon_id` int NOT NULL AUTO_INCREMENT, AUTO_INCREMENT=9;

--
-- 使用資料表自動遞增(AUTO_INCREMENT) `have_coupon`
--
ALTER TABLE `have_coupon`
  MODIFY `have_coupon_id` int NOT NULL AUTO_INCREMENT, AUTO_INCREMENT=8;

--
-- 使用資料表自動遞增(AUTO_INCREMENT) `hospital`
--
ALTER TABLE `hospital`
  MODIFY `hospital_id` int NOT NULL AUTO_INCREMENT, AUTO_INCREMENT=260;

--
-- 使用資料表自動遞增(AUTO_INCREMENT) `insurance`
--
ALTER TABLE `insurance`
  MODIFY `insurance_product_id` int NOT NULL AUTO_INCREMENT, AUTO_INCREMENT=15;

--
-- 使用資料表自動遞增(AUTO_INCREMENT) `members`
--
ALTER TABLE `members`
  MODIFY `MemberID` int NOT NULL AUTO_INCREMENT, AUTO_INCREMENT=194;

--
-- 使用資料表自動遞增(AUTO_INCREMENT) `orders`
--
ALTER TABLE `orders`
  MODIFY `orders_id` int NOT NULL AUTO_INCREMENT, AUTO_INCREMENT=3;

--
-- 使用資料表自動遞增(AUTO_INCREMENT) `orders_detail`
--
ALTER TABLE `orders_detail`
  MODIFY `orders_detail_id` int NOT NULL AUTO_INCREMENT, AUTO_INCREMENT=25;

--
-- 使用資料表自動遞增(AUTO_INCREMENT) `pet_info`
--
ALTER TABLE `pet_info`
  MODIFY `pet_id` int NOT NULL AUTO_INCREMENT, AUTO_INCREMENT=51;

--
-- 使用資料表自動遞增(AUTO_INCREMENT) `pet_like`
--
ALTER TABLE `pet_like`
  MODIFY `pet_like_id` int NOT NULL AUTO_INCREMENT, AUTO_INCREMENT=82;

--
-- 使用資料表自動遞增(AUTO_INCREMENT) `products`
--
ALTER TABLE `products`
  MODIFY `products_id` int NOT NULL AUTO_INCREMENT, AUTO_INCREMENT=52;

--
-- 使用資料表自動遞增(AUTO_INCREMENT) `product_likes`
--
ALTER TABLE `product_likes`
  MODIFY `product_like_id` int NOT NULL AUTO_INCREMENT, AUTO_INCREMENT=23;

--
-- 使用資料表自動遞增(AUTO_INCREMENT) `shelter_info`
--
ALTER TABLE `shelter_info`
  MODIFY `shelter_id` int NOT NULL AUTO_INCREMENT, AUTO_INCREMENT=11;

--
-- 使用資料表自動遞增(AUTO_INCREMENT) `shopping_cart`
--
ALTER TABLE `shopping_cart`
  MODIFY `cart_item_id` int NOT NULL AUTO_INCREMENT, AUTO_INCREMENT=20;
COMMIT;

/*!40101 SET CHARACTER_SET_CLIENT=@OLD_CHARACTER_SET_CLIENT */;
/*!40101 SET CHARACTER_SET_RESULTS=@OLD_CHARACTER_SET_RESULTS */;
/*!40101 SET COLLATION_CONNECTION=@OLD_COLLATION_CONNECTION */;
